arxiv_id,topic,doc,rank,score,j1,j1_reason,j2,j2_reason
0308477v1,deposition,us_US20060054950A1,1,14.5552,False,"후보 문헌은 전이 금속 산화막을 이용한 비휘발성 메모리 셀에 관한 것으로, 연구 아이디어의 탄소 나노튜브 국소 게이팅 기술과는 기술적인 문제 및 수단이 상이하다.",False,탄소나노튜브 로컬 게이팅 및 CVD 성장 기술과 무관하게 전이금속 산화물 기반 비휘발성 메모리 셀 제조에 관한 문헌이므로 기술 문제나 수단이 겹치지 않는다.
0308477v1,deposition,kr_1020110021034,2,13.6793,False,"후보 문헌은 3D 적층 구조의 비휘발성 메모리 소자 제조 방법에 관한 것으로, 연구 아이디어의 탄소 나노튜브 국소 게이팅 기술과는 기술적인 문제 및 수단이 상이함.",False,"후보 문헌은 3D 적층 저항 스위칭 메모리 소자에 관한 것으로, 탄소나노튜브의 로컬 게이팅 및 ALD 유전체 코팅을 다루는 연구 아이디어와 기술 문제나 기술 수단이 겹치지 않는다."
0308477v1,deposition,kr_KR1020140056696A,3,12.7493,False,"후보 문헌은 산화물 반도체 기반 어레이 기판 제조 방법에 관한 것으로, 탄소 나노튜브의 국소 게이팅 기술과는 기술적 수단 및 해결하는 문제가 다르다.",False,"후보 문헌은 산화물 반도체 TFT 어레이 기판 제조 공정에 관한 것으로, 탄소나노튜브 성장 및 로컬 게이트 전기적 효과를 다루는 연구 아이디어와 기술 문제나 수단이 겹치지 않는다."
0308477v1,deposition,kr_KR1020090098905A,4,12.5374,False,"후보 문헌은 BEOL 상호접속 구조물 제조에 관한 내용으로, 탄소 나노튜브의 국소 게이팅 기술과는 기술적 관련성이 낮습니다.",False,"후보 문헌은 BEoL 상호접속 구조물의 로우-k 유전체 및 비아 형성 공정에 관한 것으로, 탄소나노튜브 로컬 게이팅 및 CVD 성장, 고유전율 게이트 절연막을 다루는 연구 아이디어와 기술 문제 및 수단이 다르다."
0308477v1,deposition,kr_KR1020060011478A,5,12.5253,True,두 문서 모두 high-k 유전막을 게이트 영역에 적용하여 소자의 전기적 특성을 제어하는 기술을 다루고 있어 관련성이 있다.,False,탄소나노튜브 로컬 게이팅 기술과 달리 후보 문헌은 SONOS 구조의 비휘발성 메모리 소자에 관한 것으로 기술 문제와 수단이 다르다.
0308477v1,deposition,kr_KR100777110B1,6,12.3743,False,"후보 문헌은 유기박막 트랜지스터의 식각방지막 및 제조 방법에 관한 것으로, 탄소나노튜브의 local gating 기술과는 기술적 수단 및 해결하는 문제가 다르다.",False,"후보 문헌은 유기박막 트랜지스터의 저온 ALD 식각방지막 기술에 관한 것으로, 탄소나노튜브 로컬 게이팅과 트랜지스터 소재·구조 및 핵심 기술 문제가 근본적으로 다르다."
0308477v1,deposition,us_US20090194876A1,7,12.3286,False,"후보 문헌은 Cu/low-k 배선 구조에 관한 것으로, 탄소 나노튜브의 국소 게이팅과는 기술적인 문제 및 수단이 상이하다.",False,탄소나노튜브 국소 게이팅 및 CVD 성장 기술과 무관하게 Cu/저유전율 인터커넥트 구조 및 형성 방법을 다루는 문헌으로 기술 문제와 수단이 겹치지 않는다.
0308477v1,deposition,kr_1020240025544,8,11.9557,False,"후보 문헌은 박막 형성 물질의 결합 에너지에 대한 내용으로, 연구 아이디어에서 다루는 탄소 나노튜브의 국소 게이팅 기술과는 기술적인 내용이 상이하여 관련성이 낮다.",False,"후보 문헌은 아이오딘 결합해리에너지 기반 박막 형성 물질에 관한 것으로, 탄소나노튜브의 로컬 게이팅 및 CVD 성장/ALD 유전체 관련 연구 아이디어와 기술 문제나 수단이 겹치지 않는다."
0308477v1,deposition,kr_1020160093314,9,11.9331,False,"후보 문헌은 전자 섬유 증착 장치에 대한 것으로, 탄소 나노튜브의 국소 게이팅 기술과는 기술적인 관련성이 없습니다.",False,"후보 문헌은 섬유 기판 증착 장치의 기계적 회전 구조에 관한 것으로, 탄소나노튜브의 로컬 게이팅이나 전자 소자 특성과 무관하다."
0308477v1,deposition,kr_1020220078082,10,11.9331,False,"연구 아이디어는 탄소 나노튜브의 국소 게이팅 제어에 관한 것이고, 후보 문헌은 반도체 기판 패시베이션 화합물에 관한 것으로 기술적인 내용이 다르다.",False,"후보 문헌은 반도체 표면 패시베이션 화합물 및 박막 형성 방법에 관한 것으로, 탄소나노튜브 국소 게이팅 및 CVD 성장, 고유전율 유전체 ALD 코팅을 다루는 연구 아이디어와 기술적 문제나 수단이 겹치지 않는다."
1706.01704v2,deposition,us_US20050136679A1,1,17.5379,False,"연구 아이디어는 InAs sidewall의 edge state passivation에 관한 것이고, 후보 문헌은 high-k gate dielectric 적층 시 수소의 영향에 대한 것이므로 기술적인 문제와 수단이 다르다.",False,"후보 문헌은 트랜지스터 게이트 유전체 형성 시 수소 결함 완화에 관한 것으로, InAs 측벽 엣지 상태 패시베이션 및 Al2O3 ALD를 통한 에지 저항 개선이라는 연구 아이디어의 기술 문제나 수단과 직접적인 관련이 없다."
1706.01704v2,deposition,us_US20060109397A1,2,16.6502,False,"연구 아이디어는 InAs sidewall의 표면 패시베이션 기술에 관한 반면, 후보 문헌은 OLED 백라이트와 LCD 통합에 관한 내용으로 기술적인 문제와 수단이 다르다.",False,후보 문헌은 OLED-LCD 통합 디스플레이 소자에 관한 것으로 InAs 반도체 측벽 부동화 및 에지 전도 억제와 기술적 문제나 수단이 전혀 겹치지 않는다.
1706.01704v2,deposition,us_US20150132932A1,3,16.3944,True,"Both address passivation of semiconductor surfaces, specifically focusing on reducing surface effects and improving device performance, though the materials and specific problems differ.",False,"후보 문헌은 게이트 채널 위 선택적 유전체 패시베이션 구조에 관한 일반적 반도체 소자 특허로, InAs 습식 식각 측벽의 엣지 상태 및 전도 억제를 위한 재료별 패시베이션 기법을 다루는 연구 아이디어와 기술적 문제나 수단이 겹치지 않는다."
1706.01704v2,deposition,us_US20060054950A1,4,15.5991,False,"후보 문헌은 전이 금속 산화막을 이용한 비휘발성 메모리 셀에 관한 것으로, InAs sidewall passivation 및 edge conduction 억제라는 연구 아이디어와 기술적 관련성이 낮습니다.",False,"후보 문헌은 전이금속 산화물 기반 비휘발성 메모리 소자 제조에 관한 것으로, InAs 식각 측벽의 표면 상태 패시베이션 및 에지 전도 억제라는 연구 아이디어의 기술 문제나 수단과 무관하다."
1706.01704v2,deposition,us_US20120045904A1,5,15.5647,True,"Both address passivation layers in semiconductor devices, with the research idea exploring sidewall passivation and the document detailing hydrogen-free silicon-containing layers for passivation in TFTs, indicating overlap in the technology area and problem of surface/interface control.",False,"TFT용 무수소 실리콘 유전막 형성 공정에 관한 문헌으로, InAs 이종구조 측벽의 에지 상태 패시베이션이라는 연구 아이디어의 기술 문제나 수단(황화, ALD Al2O3 등)과 직접적으로 관련되지 않는다."
1706.01704v2,deposition,us_US20120153483A1,6,14.7349,False,"연구 아이디어는 InAs sidewall의 표면 전도 억제를 위한 패시베이션 기술에 관한 것이고, 후보 문헌은 구리와 텅스텐 사이의 금속/화합물을 이용한 배리어리스 인터커넥트 구조에 관한 것으로, 다루는 기술 문제나 수단이 다르다.",False,"후보 문헌은 배리어리스 금속 인터커넥트 형성에 관한 것으로, InAs 이종구조 측벽의 에지 상태 패시베이션이라는 연구 아이디어의 기술 문제나 수단과 무관하다."
1706.01704v2,deposition,kr_1020220078082,7,13.5376,True,"연구 아이디어와 후보 문헌 모두 반도체 표면/측면 패시베이션 기술을 다루고 있으며, 특히 황(S)을 포함하는 패시베이션 화합물에 대한 내용이 연구 아이디어에서 언급된 패시베이션 시도와 관련이 있습니다.",False,"후보 문헌은 일반적인 유기 화합물 기반 패시베이션 화합물 및 박막 형성 방법에 관한 특허로, InAs 이종구조 식각 측벽의 에지 상태 및 전도 억제를 다루는 연구 아이디어와 기술적 문제나 수단이 겹치지 않는다."
1706.01704v2,deposition,kr_1020240025544,8,13.4189,False,"후보 문헌은 박막 형성 물질의 결합 에너지에 대한 화학적 특성을 다루고 있으며, 연구 아이디어는 InAs sidewall의 표면 패시베이션 및 edge conduction 억제라는 기술적 문제를 다루므로, 두 문헌은 주제 및 기술 수단 측면에서 관련성이 낮습니다.",False,"후보 문헌은 아이오딘 결합 박막 형성 물질의 DFT 계산에 관한 것으로, InAs 측벽 에지 상태 패시베이션(황, ALD Al2O3 등)이라는 연구 아이디어의 기술 문제나 수단과 무관하다."
1706.01704v2,deposition,us_US20050263829A1,9,13.3787,False,"후보 문헌은 상변화 메모리 소자 제조에 관한 내용으로, 연구 아이디어에서 다루는 InAs sidewall passivation 및 edge conduction 억제와 기술적 연관성이 없다.",False,"후보 문헌은 상변화 메모리 소자의 산화 방지층 및 제조 방법에 관한 것으로, InAs 이종구조 측벽의 에지 상태 패시베이션이라는 연구 아이디어의 기술 문제나 수단과 무관하다."
1706.01704v2,deposition,us_US20040048157A1,10,13.249,False,"연구 아이디어는 InAs sidewall의 표면 패시베이션을 통한 edge conduction 억제에 관한 반면, 후보 문헌은 리튬 바나듐 산화막 박막 배터리의 제조 및 사용에 관한 것으로, 기술적인 문제와 수단이 완전히 다르다.",False,"후보 문헌은 리튬 바나듐 산화물 박막 배터리에 관한 것으로, InAs 이종구조 측벽의 표면 상태 패시베이션이라는 연구 아이디어의 기술 문제나 수단과 무관하다."
2209.13033v1,deposition,us_US20040048157A1,1,12.1559,False,"후보 문헌은 리튬-바나듐 산화막 배터리에 관한 것으로, 연구 아이디어의 광학적 상변위기와 소재(질화규소탄소)와는 기술적 관련성이 없습니다.",False,"후보 문헌은 리튬 바나듐 산화물 박막 배터리에 관한 것으로, 열-광학 실리콘 카바이드 위상 변환기와 기술 분야, 문제, 수단이 전혀 무관하다."
2209.13033v1,deposition,us_US20060054950A1,2,11.3328,False,"후보 문헌은 전이 금속 산화막을 이용한 비휘발성 메모리 셀에 관한 것으로, 연구 아이디어의 열광학적 마이크로 링 위상 변환기와는 기술적인 문제 및 수단이 상이하다.",False,"후보 문헌은 전이금속 산화물 기반 비휘발성 메모리 셀에 관한 것으로, a-SiC 열광학 위상변조기 및 실리콘 포토닉스와 기술적 문제나 수단이 전혀 겹치지 않는다."
2209.13033v1,deposition,us_US20120153483A1,3,10.138,False,"후보 문헌은 금속 배선 구조에 관한 것으로, 연구 아이디어의 실리콘 탄화물 기반 광학 소자와 기술적 연관성이 없습니다.",False,"후보 문헌은 반도체 배선용 barrierless 인터커넥트 형성에 관한 것으로, 실리콘 기반 열-광학 위상 시프터 및 a-SiC 박막 물성과 관련된 기술 문제나 수단을 다루지 않는다."
2209.13033v1,deposition,kr_KR1020120007998A,4,10.0277,False,"연구 아이디어는 실리콘 카바이드 기반 광학 상변위기 개발에 관한 것이고, 후보 문헌은 그래핀 제조 방법에 관한 것이므로 기술 분야와 수단이 다르다.",False,그래핀 저온 성장 및 전사 기술로 열-광학 위상 변조기나 실리콘 리치 a-SiC 박막의 열광학 특성과 무관한 기술 문제와 수단을 다룬다.
2209.13033v1,deposition,us_US5970378A,5,9.8168,False,"후보 문헌은 티타늄 질화막 형성에 관한 내용으로, 연구 아이디어에서 다루는 실리콘 탄화물 기반 광학 소자와 기술적 연관성이 없습니다.",False,"후보 문헌은 반도체 소자 제조 공정 중 티타늄 나이트라이드 박막 형성에 관한 것으로, 연구 아이디어의 열광학 실리콘카바이드 기반 포토닉 위상 변조기와는 기술 분야, 문제, 수단이 전혀 다르다."
2209.13033v1,deposition,kr_1020140047673,6,9.3149,False,"후보 문헌은 그래핀 제조 방법에 관한 것으로, 연구 아이디어에서 다루는 실리콘-탄화규소 기반의 열광학 상변위기의 기술적 내용과 관련이 없습니다.",False,"그래핀 트랜지스터 제조방법에 관한 문헌으로, a-SiC 열광학 위상변조기 및 TOC 특성 연구와 기술 문제나 수단이 겹치지 않는다."
2209.13033v1,deposition,kr_1020240025544,7,9.1526,False,"후보 문헌은 박막 형성 물질의 결합 에너지에 대한 화학적 특성을 다루고 있으며, 연구 아이디어는 실리콘-탄화규소 박막의 열광학 특성 및 이를 이용한 광학 소자 구현에 관한 것으로, 기술적인 내용이 상이하여 선행기술 검토 대상으로 보기 어렵다.",False,"후보 문헌은 아이오딘 결합해리에너지 기반 박막 형성 물질에 관한 것으로, a-SiC 열광학 위상변조기의 재료 특성 및 소자 구조와 기술적 관련성이 없다."
2209.13033v1,deposition,us_US20040108217A1,8,9.1526,False,"후보 문헌은 구리 인터커넥트 구조 형성에 관한 내용으로, 연구 아이디어에서 다루는 실리콘-탄화규소 기반의 열광학적 마이크로 링 위상 변환기와는 기술적인 문제 및 수단이 상이함.",False,"후보 문헌은 구리 인터커넥트 형성을 위한 전기도금 공정에 관한 것으로, 열-광학 특성을 가진 실리콘 리치 비정질 SiC 재료 및 마이크로링 위상 변조기와 기술적 문제나 수단이 겹치지 않는다."
2209.13033v1,deposition,us_US20100151676A1,9,8.9937,False,"후보 문헌은 질화티타늄 박막의 밀도화 공정에 관한 것으로, 연구 아이디어에서 다루는 실리콘 탄화물 기반의 열광학적 상변위기 및 재료 특성 연구와 기술적 관련성이 낮습니다.",False,"후보 문헌은 반도체 배리어 금속층(TiN)의 플라즈마 밀도화 공정에 관한 것으로, 실리콘리치 a-SiC의 열광학 특성 및 마이크로링 열광학 위상변조기와는 기술 문제와 수단이 전혀 다르다."
2209.13033v1,deposition,us_US20080207006A1,10,8.5117,False,"후보 문헌은 티타늄 질화막의 플라즈마 처리 공정에 관한 것으로, 연구 아이디어에서 다루는 실리콘 탄화막의 열광학적 특성 및 소자 응용과는 기술적 내용이 상이하다.",False,"후보 문헌은 TiN 계열 박막의 플라즈마 처리 공정에 관한 것으로, 실리콘 리치 a-SiC 열광학 위상 시프터 및 TOC 특성화라는 연구 아이디어와 기술 문제나 수단이 겹치지 않는다."
1308.1128v1,deposition,kr_1020220078082,1,14.199,False,"연구 아이디어는 탄소 나노튜브를 이용하여 나노포어의 직경을 가로지르는 구조를 만들고 생체 분자 감지에 활용하는 기술에 관한 것이지만, 후보 문헌은 반도체 기판의 패시베이션 화합물에 대한 내용으로 기술적인 문제나 수단이 다르다.",False,"후보 문헌은 반도체 박막 패시베이션 화합물에 관한 것으로, 나노포어와 탄소나노튜브를 이용한 생분자 센싱 기술과는 기술 문제나 수단이 다르다."
1308.1128v1,deposition,kr_1020110021034,2,13.8051,False,"후보 문헌은 비휘발성 메모리 소자 제조 방법에 관한 것으로, 연구 아이디어에서 제시하는 탄소 나노튜브를 이용한 솔리드 스테이트 나노포어 제작 및 바이오센싱 응용과는 기술적인 문제 및 수단이 상이하다.",False,"탄소나노튜브를 나노포어에 삽입하는 생체분자 검출용 소자 제작 기술과, 3D 적층 저항 스위칭 메모리 소자 제조방법은 기술적 문제와 수단이 전혀 다르다."
1308.1128v1,deposition,kr_1020240025544,3,13.4189,False,"후보 문헌은 박막 형성 물질의 결합 에너지에 대한 화학적 특성을 다루고 있어, 연구 아이디어에서 제시하는 탄소 나노튜브를 솔리드 스테이트 나노포어에 임베딩하는 기술적 문제나 수단과는 관련이 없습니다.",False,"후보 문헌은 아이오딘 결합 박막 형성 물질의 DFT 계산에 관한 것으로, 나노포어에 탄소나노튜브를 삽입하는 연구 아이디어와 기술적 문제나 수단이 겹치지 않는다."
1308.1128v1,deposition,kr_1020080011204,4,13.376,False,"연구 아이디어는 나노포어 내 탄소나노튜브 삽입 및 제작 방법에 관한 것이고, 후보 문헌은 ReRAM 소자 구조 및 제조 방법에 관한 것으로, 기술 문제 및 수단이 상이함.",False,"후보 문헌은 저항 변화 메모리(ReRAM) 소자 구조에 관한 것으로, 나노튜브-나노포어 기반 생체분자 검출 기술과 기술 문제나 수단이 상이하다."
1308.1128v1,deposition,kr_1020240125457,5,13.3231,False,"후보 문헌은 유기막 조성물 및 형성 방법에 관한 것으로, 연구 아이디어의 고체 나노포어에 탄소 나노튜브를 삽입하는 기술과는 다른 기술 문제를 다룬다.",False,"후보 문헌은 유기막 형성용 조성물 및 패턴 형성 방법에 관한 것으로, 나노포어에 탄소나노튜브를 삽입하는 연구 아이디어의 기술 문제나 수단과 무관하다."
1308.1128v1,deposition,kr_KR1020070086562A,6,12.7359,False,"후보 문헌은 트랜지스터 구조 및 비휘발성 메모리에 관한 것으로, 연구 아이디어인 나노포어 내 탄소 나노튜브 삽입 및 이를 이용한 바이오센싱과는 기술적인 문제 및 수단이 다르다.",False,"후보 문헌은 스케일가능한 로직/비휘발성 메모리 트랜지스터 구조에 관한 것으로, 나노포어에 탄소나노튜브를 매립하는 생체분자 감지 기술과 기술적 문제나 수단이 겹치지 않는다."
1308.1128v1,deposition,kr_KR1020090098905A,7,12.6631,False,"후보 문헌은 BEoL 상호접속 구조물 제조에 관한 것으로, 연구 아이디어인 탄소 나노튜브를 이용한 솔리드 스테이트 나노포어 제작과는 기술적인 문제 및 수단이 다르다.",False,"후보 문헌은 BEoL 상호접속 구조물의 저유전율 배선 공정에 관한 것으로, 나노포어와 탄소나노튜브를 이용한 생분자 감지 소자 제작이라는 연구 아이디어의 기술 문제나 수단과 무관하다."
1308.1128v1,deposition,us_US20060054950A1,8,12.5958,False,"연구 아이디어는 나노포어와 탄소나노튜브를 이용한 바이오센서 및 DNA 시퀀싱 기술에 관한 것이고, 후보 문헌은 전이 금속 산화막을 이용한 비휘발성 메모리 셀에 관한 것으로, 기술적인 문제와 수단이 완전히 다르다.",False,"후보 문헌은 전이금속 산화물 기반 비휘발성 메모리 셀 제조에 관한 것으로, 탄소나노튜브를 나노포어에 삽입하는 연구 아이디어의 기술 문제나 수단과 무관하다."
1308.1128v1,deposition,us_US20090194876A1,9,12.4544,False,"후보 문헌은 반도체 인터커넥트 구조에 관한 것으로, 연구 아이디어의 탄소 나노튜브와 고체 나노포어 삽입 기술과는 기술적 내용 및 해결하려는 문제가 다르다.",False,"후보 문헌은 Cu/ultra low-k 인터커넥트 구조에 관한 것으로, 나노포어에 탄소나노튜브를 결합하는 생체분자 센싱 기술과 기술 문제나 수단이 겹치지 않는다."
1308.1128v1,deposition,kr_1020160093314,10,12.1138,False,"후보 문헌은 전자 섬유 증착 장치에 대한 것으로, 연구 아이디어에서 제시하는 탄소 나노튜브를 이용한 솔리드 스테이트 나노포어 제작 기술과는 기술적인 내용이 상이하다.",False,"후보 문헌은 섬유 기판에 균일 증착을 위한 회전 장치에 관한 것으로, 나노포어에 탄소나노튜브를 삽입하는 연구 아이디어의 기술 문제나 수단과 무관하다."
0908.3525v1,deposition,us_US20060054950A1,1,14.4907,True,두 자료 모두 전이 금속 산화막을 이용한 저항 스위칭 현상 및 비휘발성 메모리 소자 응용을 다루고 있어 기술적 연관성이 있다.,True,둘 다 전이금속 산화물(TiO2 포함)을 데이터 저장층으로 사용하는 저항 변화(비휘발성 메모리) 소자의 구조와 산소 결손/비정상 산소비를 다루므로 동일 기술 문제를 공유한다.
0908.3525v1,deposition,us_US20050136679A1,2,12.3147,False,"후보 문헌은 고유전체 게이트 절연막의 수소 없는 통합에 관한 것으로, 연구 아이디어의 비극성 저항 스위칭 메커니즘과는 기술적 문제 및 수단이 다르다.",False,"후보 문헌은 수소 없는 고유전율 게이트 유전체 형성 트랜지스터 공정에 관한 것으로, 연구 아이디어의 저항 스위칭 메커니즘 및 산소 공공 기반 전도 특성과는 기술적 문제나 수단이 겹치지 않는다."
0908.3525v1,deposition,kr_1020160093314,3,12.3104,False,"후보 문헌은 전자 섬유 증착 장치의 기계적 구조에 대한 것이고, 연구 아이디어는 비정질 티타늄 산화막의 저항 스위칭 메커니즘에 대한 전기적 특성 연구이므로 기술적인 내용이 전혀 다르다.",False,"후보 문헌은 섬유 기판 증착 장치의 기계적 구동 구조에 관한 것으로, 연구 아이디어의 저항 스위칭 메커니즘이나 산화물 박막의 전기적 특성과 관련된 기술 문제나 수단을 다루지 않는다."
0908.3525v1,deposition,kr_1020190092298,4,12.1516,False,"후보 문헌은 박막 증착 방법에 대한 것이고, 연구 아이디어는 산화 티타늄 박막의 저항 스위칭 메커니즘 분석이므로, 다루는 기술 문제나 수단이 다르다.",False,"후보 문헌은 플라즈마 증착 공정의 전자/이온 제어 기법에 관한 것으로, 연구 아이디어의 핵심인 TiO2 박막의 저항 스위칭 메커니즘이나 산소 공공 이동, 전도 모델과는 기술적으로 무관하다."
0908.3525v1,deposition,us_US20050263829A1,5,12.1516,False,"후보 문헌은 상변화 메모리 소자의 구조 및 제조 방법에 관한 것으로, 연구 아이디어에서 다루는 비극성 저항 스위칭 메커니즘과는 기술적 내용이 다르다.",False,"후보 문헌은 상변화 메모리 소자 구조 및 제조 방법에 관한 것으로, 연구 아이디어의 비정질 TiO2 기반 저항 스위칭 메커니즘(산소 공공 이동, SCLC, Schottky emission)과 기술 문제 및 수단이 전혀 다르다."
0908.3525v1,deposition,us_US20180033614A1,6,12.1516,False,"후보 문헌은 저유전율 실리콘 기반 박막에 관한 내용으로, 연구 아이디어의 산화 티타늄 박막의 bipolar resistive switching과는 기술적인 문제 및 수단이 상이함.",False,"후보 문헌은 저유전율 탄소 도핑 실리콘 산화막 증착에 관한 것으로, 연구 아이디어의 비정질 티타늄 산화물 기반 저항 스위칭 메커니즘과 기술적 문제나 수단이 겹치지 않는다."
0908.3525v1,deposition,us_US20040048157A1,7,12.1405,False,"후보 문헌은 리튬-바나듐 산화막을 이용한 박막 배터리의 제조 및 사용에 관한 것으로, 연구 아이디어에서 다루는 비정질 티타늄 산화막의 bipolar resistive switching 현상과는 기술적인 내용이 상이하다.",False,"후보 문헌은 리튬 이온 박막 배터리 소재 및 구조에 관한 것으로, 연구 아이디어의 저항 변화 메모리 메커니즘(산소 공공 이동, SCLC/Schottky 전도)과 기술 분야 및 문제가 전혀 겹치지 않는다."
0908.3525v1,deposition,kr_1020110076992,8,11.4387,False,"후보 문헌은 반도체 소자 제조 공정에 대한 내용으로, 연구 아이디어에서 다루는 비극성 저항 스위칭 현상 및 메커니즘과는 기술적 내용이 상이함.",False,"후보 문헌은 반도체 미세 패턴 형성(포토리소그래피/식각) 공정에 관한 것으로, 저항 변화 메모리의 스위칭 메커니즘이나 산화물 결함 기반 전도 특성과는 기술 문제 및 수단이 전혀 다르다."
0908.3525v1,deposition,us_US20040151844A1,9,11.4387,False,"후보 문헌은 유기 고분자 보호 기술에 관한 것으로, 연구 아이디어의 비극성 저항 스위칭 메커니즘 및 박막 증착 방식과는 기술적 관련성이 낮습니다.",False,"후보 문헌은 유기 고분자 보호를 위한 플라즈마 증착 공정 특허로, 저항 스위칭 메커니즘이나 TiO2 기반 소자 특성과는 무관하다."
0908.3525v1,deposition,us_US20060281266A1,10,11.4387,False,"후보 문헌은 리소그래피 공정의 스페이서 제어를 다루고 있어, 연구 아이디어에서 다루는 비극성 저항 스위칭 메커니즘과는 기술적인 내용이 상이함.",False,"후보 문헌은 피치 배증을 위한 패턴 형성 및 스페이서 공정 기술로, 저항 변화 메모리의 아모르퍼스 TiO2 저항 스위칭 메커니즘과는 기술 문제나 수단이 전혀 겹치지 않는다."
1303.0086v1,deposition,kr_KR1020020002717A,1,12.4309,False,"후보 문헌은 플래쉬 메모리 셀 제조 방법에 관한 것으로, 연구 아이디어인 MoS2 기반 FET의 성능 향상과는 기술적인 내용이 다르다.",False,후보 문헌은 실리콘 기반 플래쉬 메모리 셀 제조 공정에 관한 것으로 CVD 단결정 MoS2 FET의 물질 합성 및 전하수송 특성 문제와 기술적 수단이 전혀 다르다.
1303.0086v1,deposition,kr_1020080011204,2,12.1502,False,"연구 아이디어는 MoS2 기반 트랜지스터의 성능 향상에 관한 것이고, 후보 문헌은 ReRAM 기반 메모리 소자에 관한 것이므로 기술 분야와 해결하려는 문제가 다르다.",False,"후보 문헌은 금속 질화물 기반 ReRAM 저항 변화 메모리 소자에 관한 것으로, CVD 단결정 MoS2 채널 FET의 이동도 및 on/off 비율 개선이라는 기술 문제나 수단과 무관하다."
1303.0086v1,deposition,us_US20060054950A1,3,12.1502,False,"연구 아이디어는 MoS2 기반 트랜지스터의 성능 향상에 관한 것이고, 후보 문헌은 전이 금속 산화막 기반의 비휘발성 메모리 셀에 관한 것으로, 기술 문제와 수단이 완전히 다르다.",False,"후보 문헌은 전이금속 산화물 기반 비휘발성 메모리 셀 구조에 관한 것으로, CVD 단결정 MoS2 FET의 이동도 및 on/off 비율 향상이라는 연구 아이디어와 기술 문제나 수단이 겹치지 않는다."
1303.0086v1,deposition,kr_KR1020120124951A,4,11.9063,False,"후보 문헌은 레이저 유도 이온 가속용 박막 제조 기술에 관한 것으로, 연구 아이디어의 MoS2 FET 제작 기술과는 기술 분야 및 해결하고자 하는 문제가 다르다.",False,레이저 유도 이온 가속용 박막 제조 기술로 MoS2 CVD 기반 전계효과트랜지스터의 기술 문제나 수단과 무관하다.
1303.0086v1,deposition,kr_KR100471575B1,5,11.6079,False,"후보 문헌은 플래시 메모리 소자 제조 방법에 관한 것으로, 연구 아이디어인 MoS2 FET의 성능 향상과는 기술적인 문제 및 수단이 다르다.",False,"후보 문헌은 실리콘 기반 플래시 메모리 소자의 STI 및 플로팅 게이트 제조 공정에 관한 것으로, CVD 단결정 MoS2 채널 FET의 이동도 및 온/오프비 향상이라는 연구 아이디어의 기술 문제나 수단과 무관하다."
1303.0086v1,deposition,kr_KR1020010004720A,6,11.6079,False,"후보 문헌은 SiGe 에피택시 기반 트랜지스터 제조 기술에 관한 것으로, MoS2 기반 FET와는 다른 기술 문제 및 기술 수단을 다룬다.",False,"후보 문헌은 실리콘/SiGe 기반 PMOS 트랜지스터 제조 공정에 관한 것으로, MoS2 등 2차원 물질 CVD 성장 및 이를 이용한 FET에 관한 연구 아이디어와 기술 문제 및 기술 수단이 상이하다."
1303.0086v1,deposition,kr_KR1020070075092A,7,11.6079,False,"후보 문헌은 플래시 메모리 소자 제조 방법에 관한 것으로, 연구 아이디어의 MoS2 FET와는 기술 분야 및 다루는 문제가 다르다.",False,"후보 문헌은 실리콘 기반 플래시 메모리 폴리실리콘 그레인 크기 제어 공정에 관한 것으로, CVD 단결정 MoS2 채널 기반 FET의 이동도 및 온오프비 향상이라는 연구 아이디어와 소재, 소자 구조, 기술적 문제 모두 무관하다."
1303.0086v1,deposition,us_US6632741B1,8,11.2743,False,"연구 아이디어는 MoS2 기반 트랜지스터의 성능 향상에 관한 것이고, 후보 문헌은 패턴 형성 및 에칭 공정에 관한 것으로, 기술적인 문제와 수단이 다르다.",False,"후보 문헌은 반도체 패턴 형성용 self-trimming/spacer 공정 기술로, CVD 단결정 MoS2 FET의 이동도 및 소자 특성과는 기술 문제와 수단이 전혀 다르다."
1303.0086v1,deposition,kr_KR1020060011478A,9,10.7973,False,"후보 문헌은 비휘발성 메모리 소자에 관한 것으로, 연구 아이디어의 MoS2 기반 FET와 기술적인 연관성이 없습니다. 서로 다른 소자 구조와 동작 원리를 다루고 있습니다.",False,"후보 문헌은 SONOS 구조 비휘발성 메모리 소자의 유전막 적층 구조에 관한 것으로, CVD 성장 단결정 MoS2 기반 FET의 채널 물질 및 이동도/온오프비 개선이라는 연구 아이디어의 기술 문제나 수단과 무관하다."
1303.0086v1,deposition,kr_1020160093314,10,10.601,False,"후보 문헌은 전자 섬유 증착 장치의 구조에 대한 것이고, 연구 아이디어는 MoS2 FET의 성능 향상에 관한 것이므로 기술적인 내용이 다르다.",False,"후보 문헌은 섬유 기판에 균일한 두께로 물질을 증착하기 위한 기계적 증착 장치에 관한 것으로, CVD를 이용한 단결정 MoS2 반도체 채널 합성 및 FET 소자 특성과는 기술 문제나 기술 수단이 무관하다."
0611098v1,deposition,kr_1020160093314,1,15.4159,False,"후보 문헌은 섬유 증착 장치의 기계적 구조에 관한 것으로, 연구 아이디어에서 다루는 GeNW 기반 트랜지스터의 구조나 제조 공정과 직접적인 관련이 없습니다.",False,"후보 문헌은 섬유 기판에 물질을 균일하게 증착하기 위한 기계적 회전 장치에 관한 것으로, 코어-쉘 게르마늄 나노와이어 서라운드 게이트 FET의 재료 구조나 소자 제작 기술과 관련이 없다."
0611098v1,deposition,us_US20060054950A1,2,14.5929,False,"후보 문헌은 전이 금속 산화막을 이용한 비휘발성 메모리 셀에 관한 것으로, 연구 아이디어의 GeNW 기반 고전류 서라운드 게이트 FET와 기술적 내용 및 해결하려는 문제가 다르다.",False,"후보 문헌은 전이금속 산화물 기반 비휘발성 메모리 셀에 관한 것으로, 연구 아이디어의 게르마늄 나노와이어 서라운드 게이트 FET 구조나 기술과 관련이 없다."
0611098v1,deposition,us_US20060109397A1,3,14.3615,False,"후보 문헌은 LCD 백라이트 기술에 관한 것으로, 연구 아이디어의 GeNW 기반 트랜지스터와 기술적 관련성이 없습니다.",False,"OLED-LCD 백라이트 통합 디스플레이 기술로, 코어-쉘 나노와이어 서라운드 게이트 트랜지스터 제작 기술과 기술적 문제나 수단이 전혀 겹치지 않는다."
0611098v1,deposition,kr_1020110021034,4,13.7169,False,"후보 문헌은 비휘발성 메모리 소자 제조 방법에 관한 것으로, 연구 아이디어의 전류 구동형 트랜지스터 구조 및 제조 방식과는 기술적 내용이 상이하다.",False,"후보 문헌은 3D 적층 저항 스위칭 메모리 소자에 관한 것으로, 코어-쉘 게르마늄 나노와이어 서라운드 게이트 FET라는 연구 아이디어의 기술 문제나 수단과 무관하다."
0611098v1,deposition,us_US20120153483A1,5,13.61,False,"후보 문헌은 금속 배선 구조 형성에 관한 것으로, 연구 아이디어의 GeNW 기반 SG-FET 소자 구조 및 제조 방식과는 기술적 내용이 상이하다.",False,"후보 문헌은 배리어리스 단일상 인터커넥트 형성 기술을 다루며, 코어-쉘 게르마늄 나노와이어 및 서라운드 게이트 FET 구조와는 기술 문제와 수단이 전혀 다르다."
0611098v1,deposition,kr_1020220078082,6,13.3963,True,"연구 아이디어에서 GeNW의 패시베이션 층으로 질화물(nitride)을 사용하는데, 후보 문헌이 질소 기반 패시베이션 화합물에 대한 내용이므로 관련성이 있다.",False,"후보 문헌은 유기 패시베이션 화합물 및 박막 형성 방법에 관한 것으로, 게르마늄 나노와이어 코어-쉘 구조 및 서라운드 게이트 FET 제작 기술과 직접적인 관련성이 없다."
0611098v1,deposition,kr_1020080011204,7,13.3104,False,"후보 문헌은 ReRAM 메모리 소자에 관한 것으로, 연구 아이디어의 GeNW 기반 트랜지스터와 기술 문제 및 수단이 상이하다.",False,"후보 문헌은 금속 질화물 저항층을 이용한 비휘발성 ReRAM 메모리 소자에 관한 것으로, 코어-쉘 게르마늄 나노와이어 서라운드 게이트 FET의 기술 문제나 수단과 무관하다."
0611098v1,deposition,us_US20040048157A1,8,13.2817,False,"후보 문헌은 리튬-바나듐 산화막 박막 배터리에 관한 것으로, 연구 아이디어의 GeNW 기반 트랜지스터와 기술적인 문제 및 수단이 상이하다.",False,"후보 문헌은 리튬 바나듐 산화물 박막 배터리에 관한 것으로, 서라운드 게이트 나노와이어 FET 및 반도체 소자 제조 기술과 무관하다."
0611098v1,deposition,kr_1020090005381,9,13.2399,False,"후보 문헌은 메모리 소자 제조 방법에 관한 것으로, 연구 아이디어의 트랜지스터 구조 및 제조 방식과는 기술적 내용이 상이하여 관련성이 낮다.",False,"후보 문헌은 나노결정 전이금속 실리사이드를 이용한 메모리 소자 제조법으로, 코어-쉘 게르마늄 나노와이어 서라운드 게이트 FET 기술과 기술 문제 및 수단이 상이하다."
0611098v1,deposition,kr_KR1020070086562A,10,12.6703,True,"두 기술 모두 트랜지스터 구조와 게이트 스택을 다루고 있으며, 특히 금속 질화물 층을 포함하는 게이트 스택 구조를 사용하는 점에서 관련성이 있다.",False,"후보 문헌은 평면형 게이트 스택과 비휘발성 메모리용 나노도트 구조를 다루며, 연구 아이디어의 핵심인 코어-쉘 나노와이어 구조와 서라운드 게이트 전계효과 트랜지스터 기술과는 기술 문제 및 수단이 다르다."
0504484v1,deposition,us_US20060054950A1,1,18.6121,False,"후보 문헌은 전이 금속 산화막을 이용한 비휘발성 메모리 셀에 관한 것으로, 연구 아이디어에서 다루는 Si/SiGe 헤테로 구조 기반 MOSFET의 게이트 유전체 기술과는 기술적 내용 및 해결하고자 하는 문제가 다르다.",False,"후보 문헌은 전이금속산화물 기반 비휘발성 메모리 소자 제조에 관한 것으로, Si/SiGe 2차원 전자계의 ALD 게이트 유전체를 이용한 전하밀도 조절이라는 연구 아이디어의 기술 문제나 수단과 무관하다."
0504484v1,deposition,us_US20050136679A1,2,16.4361,True,"두 기술 모두 MOSFET의 게이트 유전체 기술을 다루고 있으며, 특히 고이동도 2차원 전자 시스템을 제어하기 위한 게이트 유전체 재료(ALD Al2O3, high-k 물질)를 사용하는 기술 문제를 공유하기 때문이다.",False,"후보 문헌은 수소 프리 고유전율 게이트 유전체 형성 공정에 관한 것으로, Si/SiGe 2차원 전자계 변조 및 ALD Al2O3를 이용한 캐리어 밀도 조절이라는 연구 아이디어의 핵심 기술 문제나 수단과 직접적인 관련성이 없다."
0504484v1,deposition,kr_1020160093314,3,16.4319,False,"후보 문헌은 전자 섬유 증착 장치에 대한 것으로, 연구 아이디어에서 다루는 Si/SiGe 헤테로 구조 기반 MOSFET 및 2DES 제어 기술과는 관련이 없습니다.",False,"후보 문헌은 섬유 기판 증착을 위한 기계적 회전 장치에 관한 것으로, Si/SiGe 2DES 조절을 위한 ALD 게이트 유전체 및 MOSFET 소자 기술과 기술적 문제나 수단이 겹치지 않는다."
0504484v1,deposition,us_US20050263829A1,4,16.273,False,"후보 문헌은 상변화 메모리 소자 및 제조 방법에 관한 것으로, 연구 아이디어에서 다루는 Si/SiGe 헤테로구조 기반 MOSFET의 게이트 유전체 기술과는 기술적 내용이 상이하다.",False,"후보 문헌은 상변화 메모리 소자 구조에 관한 것으로, Si/SiGe 2차원 전자계와 ALD 게이트 유전체를 이용한 캐리어 밀도 조절이라는 연구 아이디어의 기술 문제나 수단과 무관하다."
0504484v1,deposition,us_US20040151844A1,5,15.5602,False,"후보 문헌은 유기 폴리머 보호 및 플라즈마 증착 방법에 관한 것으로, 연구 아이디어에서 다루는 Si/SiGe 헤테로구조 기반 MOSFET의 게이트 유전체 증착 및 2DES 제어와 기술적으로 관련이 없습니다.",False,"후보 문헌은 유기 폴리머 절연체 위 플라즈마 손상 방지 코팅 기술을 다루며, 연구 아이디어의 Si/SiGe 2DEG 조절을 위한 ALD Al2O3 게이트 유전체 응용과는 기술 문제와 수단이 다르다."
0504484v1,deposition,kr_1020220078082,6,15.0566,False,"후보 문헌은 반도체 소자 내 2DES 제어 또는 게이트 유전체 기술에 대한 내용이 아닌, 패시베이션 화합물 및 박막 형성 방법에 관한 것으로 기술적 내용이 상이함.",False,"후보 문헌은 특정 패시베이션 화합물 및 박막 형성 방법에 관한 것으로, Si/SiGe 2차원 전자계의 ALD 게이트 유전체를 통한 캐리어 밀도 조절이라는 연구 아이디어의 기술 문제나 수단과 직접적인 관련성이 없다."
0504484v1,deposition,us_US20040048157A1,7,14.9795,False,"후보 문헌은 리튬-바나듐 산화막 박막 배터리에 관한 것으로, 연구 아이디어에서 다루는 Si/SiGe 헤테로구조 기반 MOSFET의 게이트 유전체 기술과는 기술적인 내용이 전혀 다르다.",False,"후보 문헌은 리튬 바나듐 산화물 박막 배터리에 관한 것으로, Si/SiGe 이종구조의 ALD 게이트 유전체를 이용한 2차원 전자 시스템 변조라는 연구 아이디어와 기술 분야, 문제, 수단이 전혀 다르다."
0504484v1,deposition,us_US20120153483A1,8,14.5936,False,"후보 문헌은 금속 배선 구조 형성에 관한 내용으로, 연구 아이디어에서 다루는 Si/SiGe 헤테로 구조 기반 MOSFET의 게이트 유전체 및 2DES 제어 기술과는 관련이 없습니다.",False,"후보 문헌은 배리어리스 단일상 금속 인터커넥트 형성 기술을 다루며, 연구 아이디어의 ALD 게이트 유전체를 이용한 Si/SiGe 2차원 전자계 이동도 조절 및 MOSFET 게이트 스택 기술과는 기술 문제와 수단이 전혀 다르다."
0504484v1,deposition,kr_KR1020100050328A,9,14.4671,False,"후보 문헌은 이미지 센서 제조 방법에 관한 것으로, 연구 아이디어의 Si/SiGe MOSFET 구조 및 2DES 제어 기술과는 기술적 내용이 상이하다.",False,"이미지 센서의 비아홀 절연 및 배선 구조에 관한 문헌으로, Si/SiGe 2차원 전자계 및 ALD 게이트 유전체 기반 MOSFET 변조라는 연구 아이디어의 기술 문제나 수단과 무관하다."
0504484v1,deposition,kr_1020110076992,10,14.2777,False,"후보 문헌은 반도체 소자 제조 공정 중 미세 패턴 형성 방법에 대한 것이고, 연구 아이디어는 Si/SiGe 헤테로 구조 기반 MOSFET의 게이트 유전체 및 2DES 제어에 관한 것으로, 다루는 기술 문제나 수단이 다르다.",False,"후보 문헌은 미세 패턴 형성(스페이서 기반 식각) 공정에 관한 것으로, ALD 게이트 유전체를 이용한 Si/SiGe 2차원 전자계 변조라는 연구 아이디어의 기술 문제나 수단과 관련이 없다."
1305.4428v1,etch,us_US20200013620A1,1,11.9249,False,"연구 아이디어는 그래핀 건식 식각 잔류물 제거 최적화에 관한 것이고, 후보 문헌은 EUV 리소그래피용 박막 스택 및 식각 선택성에 관한 것으로, 다루는 기술 문제와 수단이 다르다.",False,"후보 문헌은 EUV 리소그래피용 하드마스크 및 포토레지스트 선택도 개선에 관한 것으로, 그래핀 건식 식각 잔여물 최적화라는 연구 아이디어의 기술 문제 및 수단과 무관하다."
1305.4428v1,etch,us_US11062921B1,2,11.5447,False,"후보 문헌은 알루미늄 제거에 관한 내용으로, 연구 아이디어의 그래핀 식각 최적화와 기술적인 관련성이 낮습니다.",False,"후보 문헌은 알루미늄 함유 막의 할로겐 기반 에칭 공정을 다루며, 그래핀 건식 식각 및 AFM/Raman을 통한 잔여물 분석이라는 연구 아이디어의 기술 문제나 수단과 무관하다."
1305.4428v1,etch,us_US20180323103A1,3,10.8847,False,"후보 문헌은 기판 내 특징을 금속으로 채우는 방법에 대한 것이고, 연구 아이디어는 그래핀 드라이 에칭 조건을 최적화하는 것이므로 기술적인 문제와 수단이 다르다.",False,"후보 문헌은 금속으로 기판의 피처를 채우는 증착/에칭 공정을 다루며, 그래핀 건식 식각 조건 최적화나 AFM/라만을 이용한 잔여물 분석과는 기술 문제나 수단이 겹치지 않는다."
1305.4428v1,etch,us_US20060024972A1,4,10.0088,False,"본 연구 아이디어는 그래핀 식각 최적화에 관한 반면, 후보 문헌은 실리콘 재세공 및 포토레지스트 제거에 관한 것으로, 다루는 기술 문제와 수단이 다르다.",False,"후보 문헌은 실리콘 기판 상 포토레지스트 제거 및 세정 공정에 관한 것으로, 그래핀 건식 식각 및 잔여물 특성 분석이라는 연구 아이디어의 기술 문제나 수단과 무관하다."
1305.4428v1,etch,kr_KR1020060120974A,5,9.0298,False,"The research idea focuses on graphene etching residue removal using microscopy and spectroscopy, while the candidate document describes a flash memory fabrication process involving polysilicon deposition and etching, addressing a different material and device structure, thus not sharing the same tec",False,"후보 문헌은 플래시 메모리 소자의 폴리실리콘 플로팅 게이트 형성 공정을 다루며, 그래핀 건식 식각 및 AFM/라만 기반 잔여물 검출과는 기술 문제 및 수단이 무관하다."
1305.4428v1,etch,kr_1020170144933,6,8.6496,False,"후보 문헌은 반사방지 필름 제조 기술에 관한 것으로, 연구 아이디어의 그래핀 건식 식각 최적화와 기술적인 관련성이 없습니다.",False,"후보 문헌은 광학용 반사방지 필름 제조에 관한 것으로, 그래핀 건식 식각 및 AFM/Raman 분석을 통한 식각 최적화라는 연구 아이디어와 기술 문제나 수단이 전혀 겹치지 않는다."
1305.4428v1,etch,us_US20130097840A1,7,8.6496,False,"The research idea focuses on graphene etching optimization using microscopy and spectroscopy, while the document describes a lower electrode assembly for plasma processing chambers, addressing different technical problems and means.",False,"후보 문헌은 플라즈마 챔버 하부 전극 조립체의 엣지 실 하드웨어 구조에 관한 것으로, 그래핀 건식 식각 조건 최적화 및 잔여물 분석이라는 연구 아이디어의 기술 문제나 수단과 무관하다."
1305.4428v1,etch,kr_KR1020040007480A,8,8.4383,False,"The research idea focuses on graphene dry etching optimization using microscopy and spectroscopy, while the candidate document describes plasma etching of organic antireflective coatings, addressing a different material and application, despite both utilizing plasma etching.",False,"후보 문헌은 유기 반사 방지막의 O2-프리 플라즈마 식각 공정에 관한 것으로, 그래핀 건식 식각 잔여물 및 AFM 기반 식각 조건 최적화라는 연구 아이디어의 기술 문제나 수단과 직접적인 관련이 없다."
1305.4428v1,etch,kr_1020140000891,9,7.9367,False,"후보 문헌은 초소수성 섬유의 제조에 관한 것으로, 연구 아이디어의 그래핀 드라이 에칭 최적화와 기술적 관련성이 없다.",False,후보 문헌은 초소수성 나노섬유 제조에 관한 것으로 그래핀 건식 식각 공정 최적화와 기술 분야 및 문제가 전혀 다르다.
1305.4428v1,etch,kr_KR1020040070817A,10,7.9367,True,"Both the research idea and the candidate document address dry etching techniques, specifically focusing on optimizing etching conditions and addressing issues like residue or byproduct control during the process, even though they focus on different aspects of the process.",False,"후보 문헌은 정전척 냉각가스 압력 제어를 통한 건식 식각 장비 오류 방지에 관한 것으로, 그래핀 식각 잔여물 검출 및 식각 조건 최적화라는 연구 아이디어의 기술 문제나 수단과 무관하다."
2310.20546v1,etch,us_US20150132932A1,1,18.9671,False,"후보 문헌은 일반적인 반도체 소자 구조에 대한 특허이며, III-Nitride micropillar의 KOH 습식 에칭을 통한 표면 패시베이션 기술과는 직접적인 관련이 없습니다.",False,"후보 문헌은 게이트 구조 및 유전체 층 패터닝을 통한 표면 패시베이션을 다루며, KOH 습식 식각을 이용한 III-질화물 마이크로필러 측벽 식각 손상 제거 및 결정면 노출과는 기술 문제와 수단이 모두 다르다."
2310.20546v1,etch,kr_KR1020060120974A,2,16.0615,False,"후보 문헌은 플래시 메모리 소자 제조 방법에 관한 것으로, 연구 아이디어인 III-Nitride micropillar의 KOH wet etch 표면 패시베이션과는 기술 분야 및 다루는 문제가 다르다.",False,"후보 문헌은 플래시 메모리 소자의 폴리실리콘 플로팅 게이트 형성 공정에 관한 것으로, III-질화물 마이크로필러의 KOH 습식식각 표면처리와는 기술 문제와 수단이 전혀 다르다."
2310.20546v1,etch,kr_KR1020050003326A,3,15.1155,False,"후보 문헌은 3차원 집적회로 구조에 대한 내용으로, 연구 아이디어인 III-Nitride micropillar의 표면 패시베이션 기술과는 기술적인 내용이 다르다.",False,"후보 문헌은 3차원 집적회로의 SOI 기반 소자 적층 구조에 관한 것으로, KOH를 이용한 III-질화물 마이크로필러의 습식 식각 표면 처리 기술과는 기술 문제와 수단이 전혀 다르다."
2310.20546v1,etch,us_US20120045904A1,4,14.6277,False,"본 연구 아이디어는 III-Nitride 마이크로필라의 습식 에칭을 통한 표면 패시베이션에 관한 것이고, 후보 문헌은 수소 없는 실리콘 기반 유전체 박막 형성에 관한 것으로, 다루는 재료, 기술 문제 및 수단이 다르다.",False,"후보 문헌은 TFT용 수소 없는 실리콘 유전체막을 PECVD로 형성하는 기술로, III-Nitride 마이크로필러의 KOH 습식 식각을 통한 표면 패시베이션이라는 연구 아이디어와 기술 문제(건식식각 손상 제거) 및 기술 수단(결정학적 습식 식각)이 전혀 겹치지 않는다."
2310.20546v1,etch,us_US20080273363A1,5,14.4314,False,"후보 문헌은 크로스 포인트 메모리 어레이 구조 및 제조 방법에 관한 것으로, III-Nitride micropillar의 KOH 습식 에칭을 통한 표면 패시베이션 연구와 기술적 관련성이 낮습니다.",False,"후보 문헌은 크로스포인트 메모리 어레이 및 밴드갭 엔지니어링 다이오드 구조에 관한 것으로, III-질화물 마이크로필러의 KOH 습식 식각 표면 처리와는 기술 문제나 수단이 겹치지 않는다."
2310.20546v1,etch,us_US20040048157A1,6,14.4196,False,"후보 문헌은 리튬-바나듐 산화막 박막 배터리에 관한 것으로, III-Nitride 마이크로필라의 KOH 습식 에칭 표면 패시베이션 연구와 기술적 관련성이 없습니다.",False,"후보 문헌은 리튬 바나듐 산화물 박막 배터리에 관한 것으로, III-질화물 마이크로필러의 KOH 습식 식각 표면 처리와 기술 문제나 수단이 전혀 겹치지 않는다."
2310.20546v1,etch,kr_1020080111255,7,13.925,False,"후보 문헌은 상변화 기억 소자 제조에 관한 내용으로, 연구 아이디어에서 다루는 III-Nitride micropillar의 KOH 습식 에칭 및 표면 패시베이션과는 기술적인 내용과 적용 분야가 다르다.",False,"후보 문헌은 상변화 기억 소자의 구조와 제조방법에 관한 것으로, III-Nitride 마이크로필러의 KOH 습식 식각 표면 처리와는 기술 분야, 문제, 수단이 전혀 다르다."
2310.20546v1,etch,kr_KR1020030081622A,8,13.7711,False,"후보 문헌은 비휘발성 메모리 소자 제조 기술에 관한 것으로, 연구 아이디어인 III-Nitride micropillar의 KOH 습식 에칭을 통한 표면 패시베이션과는 기술 분야 및 해결하려는 문제가 다르다.",False,"후보 문헌은 실리콘 기반 비휘발성 메모리 소자의 게이트 절연막 및 식각손상 치유 산화공정에 관한 것으로, III-Nitride 마이크로필러의 KOH 습식 식각을 통한 결정학적 표면처리라는 연구 아이디어와 기술 분야, 재료, 식각 수단이 전혀 다르다."
2310.20546v1,etch,us_US20050136679A1,9,13.4278,False,"후보 문헌은 고유전체 게이트 절연막 형성에 관한 것으로, 연구 아이디어의 III-Nitride 마이크로필라 구조의 습식 에칭 패시베이션과는 기술적인 문제 및 수단이 다르다.",False,"후보 문헌은 고유전율 게이트 유전체 형성 시 수소 배제에 관한 것으로, III-Nitride 마이크로필러의 KOH 습식 식각을 통한 표면 패시베이션이라는 연구 아이디어의 기술 문제나 수단과 무관하다."
2310.20546v1,etch,us_US20100120230A1,10,13.2405,False,"후보 문헌은 반도체 웨이퍼 절단 방법에 대한 내용으로, III-Nitride micropillar의 표면 패시베이션 및 식각 손상 제거라는 연구 아이디어와 기술적 내용이 다르다.",False,"후보 문헌은 웨이퍼 다이싱을 위한 완전 관통 에칭 공정을 다루며, KOH를 이용한 III-질화물 마이크로필러의 측벽 표면 처리 및 결정면 노출이라는 연구 아이디어의 기술 문제나 수단과 무관하다."
1503.01921v2,etch,us_US20150214109A1,1,14.4136,False,"후보 문헌은 웨이퍼 다이싱 공정의 마스크 내구성을 높이는 플라즈마 식각에 대한 내용으로, 그래핀 나노리본 식각 공정의 결함 및 전송 특성에 대한 연구 아이디어와 기술적 내용이 다르다.",False,"후보 문헌은 웨이퍼 다이싱을 위한 레이저 스크라이빙과 플라즈마 식각 공정을 다루며, 그래핀 나노리본의 에칭 기법이나 결함 유발 메커니즘과는 기술적 문제나 수단이 겹치지 않는다."
1503.01921v2,etch,us_US20080290066A1,2,14.2555,False,"연구 아이디어는 그래핀 나노리본의 식각 공정으로 인한 결함 및 특성 변화에 대한 것이고, 후보 문헌은 폴리머 광 변조기 제작을 위한 식각 공정에 대한 내용으로, 다루는 재료와 기술적 문제가 다르다.",False,후보 문헌은 그래핀 나노리본이나 플라즈마 에칭에 의한 전자적 결함과 무관한 폴리머 광변조기 제작 공정에 관한 것이다.
1503.01921v2,etch,us_US20090053882A1,3,9.9332,False,"후보 문헌은 텅스텐 박막 증착에 관한 내용으로, 그래핀 나노리본의 식각 공정 및 그로 인한 결함과 전자적 특성 변화를 다루는 연구 아이디어와 기술적 관련성이 낮습니다.",False,"후보 문헌은 텅스텐 스퍼터링 증착 공정을 다루며, 그래핀 나노리본의 플라즈마 식각 및 에지 결함 형성과는 기술 문제나 수단이 무관하다."
1503.01921v2,etch,kr_KR1020040007480A,4,9.9015,True,"두 문서 모두 플라즈마 식각 공정을 다루고 있으며, 식각 가스 조성 및 식각 결과에 따른 영향에 대해 논의하고 있어 기술적 연관성이 있다.",False,이 문헌은 유기 반사방지막의 SO2 기반 식각 공정에 관한 것으로 그래핀 나노리본의 산소 플라즈마/RIE 식각에 따른 결함 및 전자적 특성과는 기술 문제와 수단이 다르다.
1503.01921v2,etch,us_US20040048157A1,5,9.2764,False,"The research idea focuses on graphene nanoribbon etching and its impact on electronic properties, while the candidate document describes lithium vanadium oxide thin-film batteries, addressing a completely different technology and problem domain.",False,"후보 문헌은 리튬 바나듐 산화물 박막 배터리에 관한 것으로, 그래핀 나노리본 식각 공정과 관련된 기술 문제나 수단을 다루지 않는다."
1503.01921v2,etch,kr_KR1020060120974A,6,9.0298,False,"후보 문헌은 플래시 메모리 소자 제조 방법에 관한 것으로, 그래핀 나노리본의 식각 공정 및 그로 인한 결함과 전자적 특성 변화를 다루는 연구 아이디어와 기술적 내용이 상이하다.",False,"후보 문헌은 플래시 메모리 소자의 폴리실리콘 플로팅 게이트 제조 공정에 관한 것으로, 그래핀 나노리본의 플라즈마 에칭 기법 및 이로 인한 결함/전자적 특성과는 기술 분야와 문제가 전혀 다르다."
1503.01921v2,etch,us_US20100081285A1,7,8.8929,False,"후보 문헌은 포토레지스트의 식각 저항 개선에 관한 것으로, 그래핀 나노리본 식각 공정의 결함 및 전자적 특성 변화에 대한 연구 아이디어와 기술적 내용이 다르다.",False,"후보 문헌은 포토레지스트의 식각 저항성 및 CD/LER 개선을 다루며, 그래핀 나노리본의 플라즈마 애싱과 RIE 식각에 따른 결함 및 전자적 특성 차이라는 연구 아이디어의 핵심 기술 문제와 직접적인 관련이 없다."
1503.01921v2,etch,kr_KR1020100026741A,8,8.8675,True,"Both documents discuss etching processes to define structures in semiconductor materials, specifically focusing on creating trenches and patterns, even though the materials and final devices differ; the core technology of etching and its impact on device properties is a common thread.",False,"후보 문헌은 리세스 채널 트랜지스터 제조를 위한 게이트 도전막 습식 식각 공정에 관한 것으로, 그래핀 나노리본 형성을 위한 플라즈마 애싱/RIE 식각과 그로 인한 에지 결함 및 전자적 특성 변화라는 연구 아이디어의 기술 문제나 수단과 무관하다."
1503.01921v2,etch,kr_KR1020060017871A,9,8.8084,True,"두 문서 모두 플라즈마 식각(plasma etching) 공정을 다루고 있으며, 식각 공정이 재료의 특성에 미치는 영향에 대한 논의가 이루어지므로 선행기술 검토 대상으로 볼 수 있다.",False,"후보 문헌은 구리 배선용 TaN/Ta 배리어층 ALD/PVD 통합 증착 공정에 관한 것으로, 그래핀 나노리본의 플라즈마 식각에 의한 결함 및 전자적 특성 변화라는 연구 아이디어의 기술 문제나 수단과 무관하다."
1503.01921v2,etch,kr_KR1020220152755A,10,8.8084,False,"후보 문헌은 금속 박막 식각에 대한 원자층 식각 방법을 다루고 있어, 연구 아이디어에서 다루는 그래핀 나노리본 식각과는 기술적 대상이 다르다.",False,"후보 문헌은 금속 박막의 원자층 식각(ALE) 공정에 관한 것으로, 그래핀 나노리본 패터닝을 위한 산소 플라즈마/RIE 식각이 유발하는 결함과 전자적 특성의 문제와는 재료 및 기술적 초점이 다르다."
1909.06881v1,etch,us_US20150214109A1,1,14.9783,False,"후보 문헌은 웨이퍼 다이싱 기술에 관한 것으로, 연구 아이디어의 GaAs 마이크로디스크 제작 및 식각 공정과 기술적 문제가 다르다.",False,"웨이퍼 다이싱을 위한 레이저 스크라이빙과 플라즈마 식각 마스크 처리 기술로, GaAs 광기계 마이크로디스크 제작을 위한 Ar/Cl2 ICP 식각 및 광학/기계적 품질 인자 최적화와는 기술 문제와 수단이 다름."
1909.06881v1,etch,us_US7795152B2,2,13.5151,False,"후보 문헌은 self-aligned 나노 구조 제작에 대한 일반적인 방법론을 제시하며, GaAs 마이크로디스크 에칭 공정이나 광역학적 특성 연구와 직접적인 관련이 없습니다.",False,"후보 문헌은 자기정렬 나노구조 형성을 위한 폴리머 스페이서 기반 자기정렬 기법을 다루며, GaAs 광기계 마이크로디스크의 ICP Ar/Cl2 건식식각 및 전자빔레지스트 마스크 공정과는 기술적 문제나 수단이 겹치지 않는다."
1909.06881v1,etch,us_US20200013620A1,3,13.2267,,,False,"후보 문헌은 EUV 리소그래피용 하드마스크/포토레지스트 선택도 개선 기법을 다루며, GaAs 마이크로디스크의 ICP 건식식각 및 옵토메카닉 소자 제작이라는 연구 아이디어의 기술 문제나 수단과 관련이 없다."
1909.06881v1,etch,us_US20060281266A1,4,12.6434,False,"후보 문헌은 스페이서 기술을 이용한 식각 공정 제어에 관한 것으로, GaAs 마이크로디스크 식각 공정이나 광역학적 특성과 직접적인 관련이 없어 선행기술 검토 대상으로 보기 어렵다.",False,"후보 문헌은 피치 멀티플리케이션을 통한 스페이서 기반 패터닝 기법에 관한 것으로, GaAs 마이크로디스크의 Ar/Cl2 ICP 건식 식각 및 옵토메카닉 소자 제작이라는 연구 아이디어의 기술 문제나 수단과 무관하다."
1909.06881v1,etch,kr_KR1020040007480A,5,12.0417,False,"후보 문헌은 유기 반사 방지막 식각에 초점을 맞추고 있으며, 연구 아이디어는 GaAs optomechanical microdisk의 Ar/Cl2 식각 공정 최적화 및 특성 분석에 관한 것으로, 다루는 기술 문제와 수단이 다르다.",False,"후보 문헌은 실리콘 반도체 다마신 공정용 유기 반사방지막의 SO2 기반 플라즈마 식각 방법에 관한 것으로, GaAs 광기계 마이크로디스크의 Ar/Cl2 ICP 식각 및 소자 특성과는 기술 문제와 수단이 다르다."
1909.06881v1,etch,us_US20010000632A1,6,11.7993,False,"후보 문헌은 텅스텐 증착 및 접촉 홀 형성 기술에 관한 것으로, GaAs 마이크로디스크 에칭 및 광역학적 특성 연구와는 기술적 문제 및 수단이 상이하다.",False,"후보 문헌은 텅스텐 콘택홀 배선 형성을 위한 반도체 제조 공정에 관한 것으로, GaAs 옵토메카닉 마이크로디스크의 Ar/Cl2 건식 식각 및 광학/기계적 특성과는 기술 문제와 수단이 전혀 다르다."
1909.06881v1,etch,us_US20100120230A1,7,11.4826,False,"후보 문헌은 반도체 웨이퍼 절단 방법에 대한 내용으로, 연구 아이디어에서 다루는 GaAs 마이크로디스크 제작 및 식각 공정과 기술적 관련성이 낮습니다.",False,"후보 문헌은 웨이퍼 다이 싱귤레이션을 위한 완전 관통 에칭 방법에 관한 것으로, GaAs 옵토메카닉 마이크로디스크의 소프트마스크 기반 ICP 에칭 및 광학/기계적 품질 인자 최적화라는 연구 아이디어의 기술 문제나 수단과 무관하다."
1909.06881v1,etch,us_US20090194876A1,8,11.3591,False,"후보 문헌은 Cu/Low-k interconnect 구조에 대한 내용으로, GaAs optomechanical microdisk fabrication 및 etching과 관련된 기술 문제나 수단을 다루지 않습니다.",False,"후보 문헌은 Cu/ultra low-k 인터커넥트 구조에 관한 것으로, GaAs 마이크로디스크의 Ar/Cl2 건식식각 기반 옵토메카닉 공진기 제작과 기술 문제 및 수단이 전혀 겹치지 않는다."
1909.06881v1,etch,kr_KR1020060120974A,9,11.17,False,"후보 문헌은 플래시 메모리 소자 제조 방법에 관한 것으로, 연구 아이디어의 GaAs 기반 광역학적 마이크로디스크 제작과는 기술 분야 및 해결하는 문제가 다르다.",False,"후보 문헌은 플래시 메모리 소자의 폴리실리콘 플로팅 게이트 제조 공정에 관한 것으로, GaAs 광학소자의 Ar/Cl2 건식 식각을 통한 마이크로디스크 optomechanical 공진기 제작 기술과는 기술 분야, 문제, 수단이 전혀 다르다."
1909.06881v1,etch,us_US20060054950A1,10,10.5935,False,"후보 문헌은 전이 금속 산화막을 이용한 비휘발성 메모리 셀에 관한 것으로, 연구 아이디어의 GaAs 마이크로디스크 제작 및 식각 공정과 기술적 관련성이 없습니다.",False,"후보 문헌은 전이금속 산화물 기반 비휘발성 메모리 셀 제조에 관한 것으로, GaAs 옵토메카닉 마이크로디스크의 건식 식각 공정과 기술적 문제나 수단이 전혀 겹치지 않는다."
1506.00376v1,etch,us_US20200013620A1,1,21.318,False,"연구 아이디어는 soft mask를 이용한 GaAs 멤브레인 제작에 관한 것이고, 후보 문헌은 EUV 리소그래피 하드 마스크 및 포토레지스트 선택성에 관한 것으로, 기술 수단과 재료가 다르므로 관련성이 낮다.",False,"후보 문헌은 EUV 리소그래피용 하드마스크/포토레지스트 선택도 개선에 관한 것으로, GaAs 나노멤브레인의 소프트마스크 기반 건식/습식 식각 공정과 기술 문제 및 수단이 다르다."
1506.00376v1,etch,us_US20060024972A1,2,16.5145,True,"Both describe resist removal processes after plasma etching in semiconductor fabrication, addressing the challenge of cleaning resist residues and improving device quality, even though the materials and final devices differ.",False,"후보 문헌은 실리콘 트랜지스터 공정에서 임플란트 후 레지스트 제거와 실리콘 손실 방지에 관한 것으로, GaAs 나노멤브레인 양자 광집적회로의 소프트마스크 건식/습식 식각 공정과는 기술 분야와 목적이 다르다."
1506.00376v1,etch,kr_KR1020050052213A,3,15.4954,False,"후보 문헌은 다중 하드 마스크를 이용한 미세 라인 형성 기술을 다루고 있으며, 연구 아이디어는 하드 마스크를 사용하지 않고 소프트 마스크와 습식 에칭을 이용한 박막 제작에 초점을 맞추고 있어 기술 수단이 다르다.",False,"후보 문헌은 실리콘 기반 비트라인 형성을 위한 하드마스크 스페이서 이용 미세패터닝 기법을 다루는 반면, 연구 아이디어는 하드마스크 없이 단일 리소그래피와 소프트마스크(레지스트)를 이용한 GaAs 광자소자용 서스펜디드 멤브레인 제작을 다루어 기술 문제와 수단이 상이하다."
1506.00376v1,etch,kr_KR1020060120974A,4,15.1661,False,"후보 문헌은 플래시 메모리 소자 제조에 관한 것으로, 연구 아이디어의 갈륨비소 나노멤브레인 제작 및 양자 광자 집적 회로와는 기술 분야 및 해결하는 문제가 다르다.",False,"후보 문헌은 플래시 메모리 소자의 플로팅 게이트 형성 공정에 관한 것으로, GaAs 서스펜디드 나노멤브레인 양자광학 소자의 소프트마스크 리소그래피/건식·습식 식각 공정과 기술 문제 및 수단이 상이하다."
1506.00376v1,etch,us_US20150214109A1,5,14.9783,False,"후보 문헌은 웨이퍼 다이싱에 관한 내용으로, 연구 아이디어의 GaAs 멤브레인 제작 및 광자 집적 회로 fabrication 공정과 기술적 수단이 다르다.",False,"웨이퍼 다이싱을 위한 레이저-플라즈마 마스크 처리 기술로, GaAs 나노멤브레인 양자광학 소자 제작을 위한 소프트마스크 리소그래피 및 희생층 습식식각과는 기술적 목적과 수단이 다르다."
1506.00376v1,etch,kr_1020127019678,6,14.6724,True,"두 기술 모두 반도체 웨이퍼 가공 과정에서 발생하는 문제(고종횡비 피쳐 형성 및 패턴 붕괴)를 다루고 있으며, GaAs 막 제조와 직접적인 관련은 없더라도 유사한 웨이퍼 처리 기술을 활용할 수 있다는 점에서 관련성이 있습니다.",False,"고종횡비 패턴의 습식처리 후 건조로 인한 패턴 붕괴 리페어라는 일반적 반도체 공정 문제를 다루며, GaAs 나노멤브레인 광집적회로용 소프트마스크 기반 단일 리소그래피/건식-습식 식각 공정이라는 연구 아이디어의 구체적 기술 수단이나 문제와 직접적 관련성이 없다."
1506.00376v1,etch,kr_KR200146153,7,14.6724,False,"후보 문헌은 트렌치 구조의 소자 분리막 형성 방법에 관한 것으로, GaAs 막 제작이나 광자 집적 회로와 관련된 기술 문제를 다루지 않아 연구 아이디어와 직접적인 관련이 없습니다.",False,"후보 문헌은 실리콘 STI 소자분리막 형성을 위한 트렌치 습식/건식 식각 공정을 다루며, GaAs 나노멤브레인 및 서스펜디드 광집적회로 제작을 위한 소프트마스크 기반 건식/희생층 습식식각 공정과는 기술적 목적과 대상 재료가 달라 선행기술로 보기 어렵다."
1506.00376v1,etch,kr_KR100637690B1,8,14.2312,False,"후보 문헌은 고상 에피택시를 이용한 반도체 소자 제조 방법에 관한 것으로, 연구 아이디어에서 다루는 GaAs 막 제작 및 식각 공정과 기술적 관련성이 낮습니다.",False,"후보 문헌은 실리콘 콘택 형성을 위한 고상에피택시 공정 및 반도체소자 제조법을 다루며, 연구 아이디어의 GaAs 나노멤브레인 서스펜션 구조를 위한 리소그래피·건식/습식 에칭 기반 소프트마스크 공정과는 기술 분야, 문제, 수단이 전혀 다르다."
1506.00376v1,etch,us_US20090194876A1,9,13.8687,False,"후보 문헌은 Cu/low-k interconnect 구조에 대한 내용으로, 연구 아이디어의 GaAs nanomembrane fabrication 및 quantum photonics 응용과는 기술적 내용과 목표가 다르다.",False,"후보 문헌은 Cu/ultra low-k 인터커넥트 구조 및 형성 방법에 관한 것으로, GaAs 나노멤브레인의 소프트마스크 기반 양자 광집적회로 제작 공정과는 기술 문제와 수단이 전혀 다르다."
1506.00376v1,etch,us_US7795152B2,10,13.5151,True,"Both describe fabrication techniques for nanoscale structures in semiconductors using etching and masking layers, addressing the challenge of creating small features for advanced devices, though the specific materials and methods differ.",False,"후보 문헌은 자기정렬 나노구조 형성을 위한 스페이서 기반 폴리머 마스크 기법을 다루며, GaAs 서스펜디드 나노멤브레인의 단일 리소그래피/건식·습식 식각 기반 양자 포토닉 소자 제작이라는 연구 아이디어의 기술 문제나 수단과 직접적인 관련이 없다."
2004.03423v1,etch,kr_KR1020060120974A,1,20.2869,False,"후보 문헌은 플래시 메모리 소자 제조 방법에 관한 것으로, 연구 아이디어인 단결정 다이아몬드의 결정 방향 의존적 반응성 이온 에칭과는 기술적인 문제 및 수단이 다르다.",False,"다이아몬드 결정면 의존 건식 식각과 나노기둥 제작 기술과 무관하게, 후보 문헌은 플래시 메모리 소자의 플로팅 게이트 형성을 위한 실리콘 증착 및 트렌치 절연막 공정에 관한 것으로 기술 문제와 수단이 전혀 다르다."
2004.03423v1,etch,kr_KR1020030081622A,2,17.9965,False,"후보 문헌은 비휘발성 메모리 소자 제조 기술에 관한 것으로, 연구 아이디어인 다이아몬드 결정 방향 의존적 식각과는 기술적인 내용과 적용 분야가 다르다.",False,"후보 문헌은 비휘발성 메모리 소자의 게이트 절연막 구조와 제조 공정에 관한 것으로, 다이아몬드의 결정방향 의존 건식식각 및 나노구조 형성이라는 연구 아이디어의 기술 문제나 수단과 무관하다."
2004.03423v1,etch,kr_KR1020040087051A,3,17.5219,False,"후보 문헌은 포토레지스트와 하드마스크를 이용한 라인 패턴 형성 기술에 관한 것으로, 다이아몬드 결정 방향에 따른 반응성 이온 에칭과는 기술적 내용이 다르다.",False,"후보 문헌은 실리콘 반도체 소자의 미세 패턴 형성을 위한 포토리소그래피 및 하드마스크 식각 공정에 관한 것으로, 다이아몬드 단결정의 결정방향 의존적 건식식각 원리와는 기술 문제와 수단이 전혀 다르다."
2004.03423v1,etch,kr_KR1020050015975A,4,16.6212,False,"후보 문헌은 3D 구조의 MOSFET 제조 방법에 관한 것으로, 다이아몬드 결정 방향에 따른 식각 원리 및 나노구조 형성과 관련된 연구 아이디어와 기술적 내용이 상이하다.",False,"이 문헌은 실리콘 기반 3차원 채널 모스 트랜지스터 제조 기술로, 단결정 다이아몬드의 결정방향 의존 반응성 이온 식각 및 나노필라 제작이라는 연구 아이디어와 기술적 문제나 수단이 상이하다."
2004.03423v1,etch,us_US20150132932A1,5,15.9112,False,"후보 문헌은 반도체 소자의 표면 패시베이션에 관한 것으로, 연구 아이디어에서 제시하는 단결정 다이아몬드의 결정 방향 의존적 반응성 이온 에칭과는 기술적인 문제 및 수단이 다르다.",False,"후보 문헌은 반도체 소자의 유전체 표면 패시베이션 및 게이트 구조에 관한 것으로, 다이아몬드의 결정면 의존적 반응성 이온 식각 원리나 나노구조 형성 기술과 무관하다."
2004.03423v1,etch,kr_KR200146153,6,15.9083,False,"후보 문헌은 반도체 소자 분리막 형성 방법에 관한 것으로, 다이아몬드 결정 방향에 따른 식각 원리나 나노구조 형성과는 관련이 없습니다.",False,"후보 문헌은 실리콘 STI 트렌치 소자분리막 형성 공정에 관한 것으로, 다이아몬드의 결정방향 의존 건식식각 및 나노필라 제작이라는 연구 아이디어의 기술 문제나 수단과 무관하다."
2004.03423v1,etch,kr_KR1020050052213A,7,14.6462,False,"후보 문헌은 반도체 소자의 미세 라인 형성에 관한 포토리소그래피 기술을 다루고 있으며, 연구 아이디어는 다이아몬드 결정 방향에 따른 반응성 이온 에칭을 통한 나노 구조 형성에 관한 것으로, 기술 문제와 수단이 다르다.",False,"이 문헌은 실리콘 반도체의 스페이서 하드마스크 기반 미세라인 패터닝 기법을 다루며, 다이아몬드의 결정 방향 의존 반응성 이온 식각 및 나노필러 형성 원리와는 기술 문제와 수단이 전혀 다르다."
2004.03423v1,etch,us_US20140353774A1,8,14.1938,False,"후보 문헌은 MEMS 센서의 스틱션 감소 기술에 관한 것으로, 연구 아이디어인 단결정 다이아몬드의 결정 방향 의존적 반응성 이온 에칭과는 기술 문제 및 수단이 다르다.",False,"후보 문헌은 MEMS 스틱션 감소를 위한 도전성 경로 형성 기술로, 다이아몬드의 결정 방향 의존적 건식 식각 원리나 나노기둥 제작과는 기술적 문제와 수단이 전혀 다르다."
2004.03423v1,etch,us_US20140374856A1,9,14.1938,False,"후보 문헌은 MEMS 소자의 스틱션 방지 기술에 관한 것으로, 연구 아이디어에서 다루는 단결정 다이아몬드의 결정 방향 의존적 반응성 이온 에칭과는 기술적인 내용이 다르다.",False,"후보 문헌은 MEMS 장치의 스티킹 방지 구조에 관한 것으로, 다이아몬드 결정 방향 의존 건식 식각이나 나노포토닉스/양자 응용 나노구조 제작이라는 연구 아이디어의 기술 문제나 수단과 무관하다."
2004.03423v1,etch,kr_KR1020040070817A,10,14.0491,False,"후보 문헌은 건식 식각 장비의 냉각 가스 압력 제어에 관한 것으로, 다이아몬드 결정 방향에 따른 반응성 이온 식각 원리 및 나노구조 제작과는 기술적 내용이 다르다.",False,"이 문헌은 정전척 냉각가스 압력 제어를 통한 실리콘 웨이퍼 일반 건식식각 공정 관리 기술로, 다이아몬드의 결정방향 의존적 이온 에너지 기반 이방성 식각이라는 연구 아이디어의 핵심 기술 문제나 수단과 무관하다."
1804.03639v1,etch,us_US20120045904A1,1,17.0437,False,"후보 문헌은 수소 없는 실리콘 기반 유전체 박막 형성에 관한 것으로, 연구 아이디어에서 다루는 인산화물 게이트 유전체 및 블랙 포스포러스 트랜지스터의 환경 안정성 문제와 기술적 연관성이 낮습니다.",False,"후보 문헌은 TFT용 무수소 실리콘 함유 유전체막 형성에 관한 것으로, 흑린 기반 FET의 산화인 게이트 유전체 및 표면 패시베이션이라는 연구 아이디어의 기술 문제나 수단과 관련이 없다."
1804.03639v1,etch,us_US20060109397A1,2,16.8468,False,"The research idea focuses on improving the stability and performance of black phosphorus transistors using phosphorus oxide passivation, while the candidate document describes an OLED backlight for LCDs, addressing a completely different technology and problem domain.",False,"후보 문헌은 OLED-LCD 통합 디스플레이 기술로, 흑린 FET의 게이트 유전체 및 표면 패시베이션 문제와 전혀 관련이 없다."
1804.03639v1,etch,us_US20060054950A1,3,15.615,False,"후보 문헌은 전이 금속 산화막을 이용한 비휘발성 메모리 셀에 관한 것으로, 연구 아이디어에서 다루는 블랙 포스포러스 전계 효과 트랜지스터의 게이트 유전체인 인산화물에 대한 내용이 없어 기술적 연관성이 낮습니다.",False,"후보 문헌은 전이금속 산화물 기반 비휘발성 메모리 소자에 관한 것으로, 흑린 트랜지스터의 POx 게이트 유전체 패시베이션이라는 기술 문제나 수단과 무관하다."
1804.03639v1,etch,kr_1020217013598,4,15.2042,False,"후보 문헌은 III-질화물 반도체 기반 마이크로 LED의 누설 전류 감소를 위한 패시베이션 기술을 다루고 있어, 연구 아이디어의 black phosphorus FET의 환경 안정성 향상을 위한 phosphorus oxide 패시베이션과는 기술적 내용 및 대상 물질이 다르다.",False,"후보 문헌은 III-질화물 마이크로-LED의 측벽 패시베이션을 다루며, 흑린 FET의 POx 게이트 유전체 및 채널 인터페이스 패시베이션이라는 연구 아이디어의 재료·소자·기술 수단과 무관하다."
1804.03639v1,etch,us_US20050136679A1,5,15.0209,False,"후보 문헌은 고유전체 절연막의 수소 관련 결함 문제 해결에 초점을 맞추고 있어, 연구 아이디어의 black phosphorus 전계 효과 트랜지스터의 환경적 안정성 및 phosphorus oxide passivation 기술과는 다른 기술 문제를 다룬다.",False,"후보 문헌은 수소 배제를 통한 일반적 high-k 게이트 유전체 형성 기술을 다루며, 흑린(bP) 반도체나 POx 패시베이션, 흑린 FET 계면 결함 문제와는 무관하다."
1804.03639v1,etch,us_US20050263829A1,6,14.8578,False,"The research idea focuses on improving the stability and performance of black phosphorus transistors using phosphorus oxide passivation, while the candidate document describes phase change memory devices with an oxidation barrier layer, addressing different materials and device types, and thus not d",False,"후보 문헌은 상변화 메모리 소자의 산화 방지층 및 제조 방법에 관한 것으로, bP FET의 POx 게이트 유전체 및 표면 패시베이션 기술과는 기술 문제와 수단이 다르다."
1804.03639v1,etch,us_US20060281266A1,7,14.4074,False,"후보 문헌은 스페이서 형성을 통한 식각 마스크 제어 기술에 관한 것으로, 연구 아이디어에서 다루는 블랙 포스포러스 전계 효과 트랜지스터의 게이트 절연막 및 환경 안정성 문제와 기술적 연관성이 없습니다.",False,"후보 문헌은 피치 배증을 위한 스페이서 형성 및 위치 조정 기법에 관한 것으로, 흑린 트랜지스터의 POx 게이트 유전체 및 표면 패시베이션 문제와 기술적 관련성이 없다."
1804.03639v1,etch,us_US20040048157A1,8,14.3038,False,"The research idea focuses on passivation of black phosphorus for transistors, while the candidate document describes lithium vanadium oxide batteries, addressing different materials, devices, and technical problems.",False,박막 배터리 소재/구조에 관한 문헌으로 black phosphorus 트랜지스터의 게이트 유전체 및 표면 패시베이션과 무관하다.
1804.03639v1,etch,kr_KR1020060011478A,9,14.1457,False,"후보 문헌은 비휘발성 메모리 소자에 대한 것이고, 연구 아이디어는 black phosphorus field effect transistor의 게이트 유전체에 관한 것이므로, 기술 문제가 다르다.",False,"이 문헌은 SONOS 구조의 비휘발성 메모리 소자에 관한 것으로, 흑색 인(black phosphorus) 채널이나 인산화물(POx) 게이트 유전체를 이용한 전계효과트랜지스터의 표면 패시베이션 및 계면 특성 개선이라는 연구 아이디어의 기술적 문제나 수단과 무관하다."
1804.03639v1,etch,us_US20040151844A1,10,14.0262,False,"The research idea focuses on phosphorus oxide passivation for black phosphorus transistors to improve stability and mobility, while the document describes protecting organic polymers during plasma deposition – they address different materials and technical problems, though both involve plasma proces",False,"이 문헌은 유기 폴리머 유전체 보호를 위한 플라즈마 공정에 관한 것으로, 흑색 인 기반 FET의 POx 게이트 유전체 및 계면 결함 저감이라는 기술 문제나 수단과 직접적인 관련이 없다."
2104.02763v1,etch,us_US7153743B2,1,11.9518,False,"후보 문헌은 비휘발성 메모리 소자 제조 방법에 관한 것으로, 연구 아이디어에서 다루는 DRIE를 통한 고성능 미세 구조 제작과는 기술적인 문제 및 수단이 상이하다.",False,"후보 문헌은 비휘발성 메모리 소자의 컨트롤 게이트 및 소스 확산층 형성을 위한 제조 공정을 다루며, DRIE 기반 고종횡비 MEMS/미세유체 구조물의 에칭 랙 감소라는 연구 아이디어의 기술 문제나 수단과 무관하다."
2104.02763v1,etch,us_US20090194876A1,2,11.5715,False,"후보 문헌은 Cu/Low-k 배선 구조에 관한 것으로, 연구 아이디어의 DRIE 공정 최적화 및 고성능 식각과는 기술적 내용이 상이하다.",False,"후보 문헌은 Cu/ultra low-k 인터커넥트 구조에 관한 것으로, DRIE Bosch 공정을 이용한 MEMS/미세유체 구조의 깊은 실리콘 식각 및 etch lag 감소와는 기술 문제나 수단이 전혀 다르다."
2104.02763v1,etch,kr_1020230142437,3,11.4653,False,"후보 문헌은 산화갈륨-탄화규소 포토디텍터 제조 방법에 관한 것으로, 연구 아이디어에서 다루는 DRIE 공정 및 에칭 지연 감소 기술과는 기술적 내용 및 적용 분야가 상이하다.",False,"후보 문헌은 산화갈륨-탄화규소 포토디텍터 제조를 위한 박막 증착 및 열처리 공정을 다루며, DRIE 기반 실리콘 심층 식각 및 종횡비/식각 지연 문제와는 기술 문제와 수단이 모두 다르다."
2104.02763v1,etch,us_US20040048433A1,4,11.0759,False,"후보 문헌은 메모리 집적 회로 제조 방법으로, 연구 아이디어에서 다루는 DRIE를 이용한 미세 구조 제작 및 에칭 지연 감소 문제와 기술적으로 관련이 없습니다.",False,"후보 문헌은 메모리 셀/주변회로용 그루브 형성 및 트랜지스터 제조 공정을 다루며, DRIE Bosch 공정의 에칭 지연 감소나 고종횡비 MEMS 구조 제작이라는 기술 문제나 수단과 무관하다."
2104.02763v1,etch,us_US20140353774A1,5,10.7485,False,"후보 문헌은 MEMS 센서의 스틱션(stiction) 감소에 관한 것으로, 연구 아이디어에서 다루는 DRIE 공정의 에칭 지연 감소 및 고종횡비 구조 구현과는 기술적인 문제와 수단이 다르다.",False,"후보 문헌은 MEMS 스틱션 감소를 위한 범프 스톱 및 도전층 형성 기법을 다루며, DRIE Bosch 공정의 식각 지연 감소 및 고종횡비 구조 제작이라는 연구 아이디어의 기술 문제나 수단과 관련이 없다."
2104.02763v1,etch,us_US20140374856A1,6,10.7485,False,"후보 문헌은 MEMS 소자 스틱션 방지 기술에 관한 것으로, 연구 아이디어에서 다루는 DRIE 공정의 에칭 지연 감소 및 고종횡비 구조 구현과는 기술적인 문제 및 수단이 다르다.",False,"후보 문헌은 MEMS 스티킹 방지를 위한 ASIC 캡핑 구조에 관한 것으로, DRIE Bosch 공정의 에칭 지연 및 고종횡비 구조 형성 기술과는 무관하다."
2104.02763v1,etch,us_US20010000632A1,7,10.5266,False,"후보 문헌은 텅스텐 증착 및 마스크 형성 기술에 관한 것으로, 연구 아이디어에서 다루는 DRIE 공정의 에칭 지연 감소 및 고종횡비 구조 형성과는 기술적 내용이 상이하다.",False,"후보 문헌은 콘택홀 내 텅스텐 배선 형성을 위한 티타늄/티타늄나이트라이드 시드층 및 포토레지스트 마스킹 공정을 다루며, DRIE Bosch 공정의 etch lag 감소나 고종횡비 실리콘 미세구조 식각과는 기술 문제와 수단이 모두 다르다."
2104.02763v1,etch,us_US20050009333A1,8,10.5266,False,"후보 문헌은 금속층 형성 기술에 관한 것으로, 연구 아이디어의 DRIE 공정 최적화 및 식각 지연 감소 문제와 기술적으로 관련이 없습니다.",False,"후보 문헌은 절연층 내 recess에 대한 선택적 전기도금을 통한 금속층 형성 방법을 다루며, DRIE Bosch 공정 및 실리콘 딥 에칭의 etch lag 감소와는 기술 문제와 수단이 전혀 다르다."
2104.02763v1,etch,kr_KR1020020047228A,9,10.2915,False,"후보 문헌은 전하 저장 장치 및 3D 어레이 제조에 관한 것으로, 연구 아이디어의 DRIE 공정 최적화 및 식각 관련 기술 문제와는 다른 기술 분야를 다룬다.",False,"후보 문헌은 3차원 전하 저장 메모리 어레이 구조 및 CMP 기반 제조 방법에 관한 것으로, DRIE Bosch 공정의 etch lag 감소 및 고종횡비 미세 구조 식각 기술과는 기술적 문제와 수단이 다르다."
2104.02763v1,etch,kr_KR1020150052794A,10,10.058,False,"후보 문헌은 MEMS 트랜스듀서의 구조에 대한 것이고, 연구 아이디어는 DRIE 공정 개선에 관한 것으로, 기술적인 문제와 수단이 다르다.",False,"후보 문헌은 MEMS 트랜스듀서의 구조적 설계(듀얼 백플레이트, 공유 캐비티)에 관한 것으로, DRIE Bosch 공정의 etch lag 감소 및 고종횡비 식각 기술이라는 연구 아이디어의 핵심 기술 수단이나 문제를 다루지 않는다."
2310.20485v2,metallization,us_US20130221527A1,1,15.5532,False,"후보 문헌은 금속 캡을 이용한 인터커넥트 구조에 관한 것으로, Al$_3$Sc 박막 자체의 조성, 결정화, 저항 특성 등 기술적 내용과는 거리가 멀어 동일한 기술 문제를 다루지 않는다.",False,"후보 문헌은 금속 캡 리플로우 공정을 통한 인터커넥트 구조의 전기이동 저항성 개선에 관한 것으로, Al3Sc 박막의 결정화 거동과 저항률 특성을 다루는 연구 아이디어와 기술 수단 및 문제 모두 다르다."
2310.20485v2,metallization,kr_1020090089522,2,13.6349,False,"후보 문헌은 불휘발성 메모리 소자 제조 방법에 관한 것으로, 연구 아이디어에서 다루는 Al$_3$Sc 박막의 interconnect 응용과는 기술적인 문제 및 수단이 상이하다.",False,"후보 문헌은 비휘발성 메모리 소자의 플로팅 게이트 및 소자 분리 공정에 관한 것으로, Al3Sc 박막의 interconnect metallization 및 저항 특성 연구와는 기술 문제와 수단이 모두 다르다."
2310.20485v2,metallization,us_US5970378A,3,12.4963,False,"연구 아이디어는 Al-Sc 합금 박막을 차세대 인터커넥트 재료로 활용하는 것에 대한 것이고, 후보 문헌은 TiN 박막의 저저항화 공정에 관한 것이므로 기술적인 문제와 수단이 다르다.",False,"후보 문헌은 CVD 기반 TiN 배리어층 형성 및 플라즈마 처리 공정에 관한 것으로, Al3Sc 금속화 박막의 결정화, 저항, 상 형성 등을 다루는 연구 아이디어와 재료 및 기술적 초점이 다르다."
2310.20485v2,metallization,us_US20050263829A1,4,12.2625,False,"후보 문헌은 상변화 메모리 소자 제조에 관한 것으로, 연구 아이디어에서 다루는 Al$_3$Sc 박막의 interconnect 응용과는 기술적인 관련성이 낮습니다.",False,"후보 문헌은 상변화 메모리 셀의 산화 방지층 및 소자 구조에 관한 것으로, Al3Sc 박막의 인터커넥트 금속화 및 저항 특성 연구와 기술적 문제나 수단이 겹치지 않는다."
2310.20485v2,metallization,us_US20080278990A1,5,10.9801,False,"후보 문헌은 저항 스위칭 메모리 소자에 관한 것으로, 연구 아이디어에서 다루는 Al$_3$Sc 박막의 interconnect 응용과는 기술적인 관련성이 낮습니다.",False,"후보 문헌은 저항변화 메모리 소자의 금속산화물 스위칭 구조에 관한 것으로, Al3Sc 박막의 배선 금속화 및 전기저항 특성 연구와 기술 문제나 수단이 겹치지 않는다."
2310.20485v2,metallization,kr_1020090005381,6,10.6078,False,"후보 문헌은 메모리 소자 제조 방법에 관한 것으로, 연구 아이디어에서 다루는 Al$_3$Sc 박막을 이용한 interconnect 기술과는 기술적인 문제나 수단이 상이하다.",False,"후보 문헌은 전이금속 실리사이드 나노결정을 이용한 메모리 소자 제조 방법에 관한 것으로, Al3Sc 박막의 인터커넥트 메탈라이제이션 응용과는 기술 문제 및 수단이 다르다."
2310.20485v2,metallization,us_US20130214234A1,7,10.3042,False,"연구 아이디어는 Al-Sc 박막의 interconnect 소재로서의 가능성을 탐구하는 반면, 후보 문헌은 저항 스위칭 소자 및 제조 방법에 관한 것으로, 기술적인 문제와 수단이 다르다.",False,"후보 문헌은 저항 스위칭(메모리) 소자 구조에 관한 것으로, Al3Sc 박막의 인터커넥트 금속화 및 저항 특성 연구와 기술 문제나 수단이 겹치지 않는다."
2310.20485v2,metallization,kr_1020137008425,8,10.1011,False,"후보 문헌은 스태거드 박막 트랜지스터 구조에 대한 것이며, Al-Sc 합금 박막의 interconnect 적용 연구와는 기술적인 문제 및 수단이 다르다.",False,"후보 문헌은 구리 합금 기반 스태거드 박막 트랜지스터 구조에 관한 것으로, Al-Sc 금속간화합물 박막의 결정화·비저항·인터커넥트 응용을 다루는 연구 아이디어와 기술 문제나 수단이 겹치지 않는다."
2310.20485v2,metallization,us_US20120153483A1,9,9.9858,True,"두 기술 모두 interconnect metallization을 다루고 있으며, 특히 dielectric layer와 metal layer 사이의 접촉 및 전기적 성능 향상이라는 공통된 기술적 문제를 해결하려 한다.",True,둘 다 배리어 없는 단일상 인터커넥트 금속화 소재를 다루어 동일한 기술 문제(배리어 최소화 및 저저항 인터커넥트 재료)를 공유한다.
2310.20485v2,metallization,kr_KR1020160093551A,10,9.7847,False,"후보 문헌은 3D 소자 제조를 위한 규소-함유 층 증착 방법에 관한 것으로, Al$_3$Sc 박막의 interconnect 응용 연구와 기술적 관련성이 낮습니다.",False,"후보 문헌은 3D NAND용 실리콘 산화막/질화막 CVD/ALD 증착 전구체 기술로, Al3Sc 금속 배선재료의 결정화 및 저항 특성 연구와 기술 문제나 수단이 전혀 겹치지 않는다."
1607.06131v2,metallization,us_US20090194876A1,1,6.8665,False,"후보 문헌은 Cu/Low-k 절연체 구조의 interconnect 제조 방법에 대한 내용으로, TI interconnects의 성능 향상이라는 연구 아이디어와 기술적 내용이 다르다.",False,"후보 문헌은 Cu/ultra low-k 인터커넥트의 구조 및 제조 공정 개선에 관한 것으로, 토폴로지컬 절연체를 이용한 인터커넥트 저항 및 결함 내성 성능 분석이라는 연구 아이디어의 기술 수단이나 문제와 직접적으로 관련이 없다."
1607.06131v2,metallization,kr_KR1020020040877A,2,6.7648,False,"후보 문헌은 전이 금속 질화물 박막 증착 방법에 관한 것으로, 연구 아이디어에서 제시하는 위상 절연체 인터커넥트의 성능 향상 및 저항 감소 기술과는 직접적인 관련이 없습니다.",False,"후보 문헌은 ALD를 이용한 전이금속 질화물 박막 증착 공정에 관한 것으로, 위상절연체 표면상태를 이용한 인터커넥트 성능 개선이라는 연구 아이디어의 기술 문제나 수단과 무관하다."
1607.06131v2,metallization,kr_KR1020210156884A,3,6.6017,False,"후보 문헌은 PVD 챔버의 구조 및 세정 기능에 관한 것으로, 연구 아이디어인 TI 인터커넥트의 성능과는 기술적인 관련성이 없습니다.",False,"후보 문헌은 PVD 챔버의 세정 및 프로세스 키트 구조에 관한 것으로, 토폴로지컬 절연체 인터커넥트의 전기적 성능 및 전도 특성을 다루는 연구 아이디어와 기술 문제나 수단이 겹치지 않는다."
1607.06131v2,metallization,kr_KR1020060017871A,4,6.3846,False,"후보 문헌은 구리 배선의 배리어층 증착 방법에 관한 것으로, TI interconnects의 성능 향상이라는 연구 아이디어와 기술적 관련성이 낮습니다.",False,"후보 문헌은 구리 배선용 TaN/Ta 배리어층 증착 공정 장치에 관한 것으로, 위상절연체 표면상태를 이용한 새로운 인터커넥트 소재 및 성능 분석이라는 연구 아이디어의 기술 문제나 수단과 무관하다."
1607.06131v2,metallization,kr_KR1020150119815A,5,6.3846,False,"The research idea focuses on using topological insulators as interconnects to improve electrical performance, while the candidate document describes a method for manufacturing alloy substrates with metal nanostructures using plasma etching, addressing different technical problems and means.",False,"후보 문헌은 플라즈마 에칭을 통한 합금 기재 표면 나노구조물 제조 공정에 관한 것으로, 위상절연체 상태의 전기적 전도 특성이나 인터커넥트 저항 문제와는 기술적 문제나 수단이 전혀 다르다."
1607.06131v2,metallization,kr_KR1020220091525A,6,6.3846,False,"후보 문헌은 금속층 증착 및 제거를 통한 상호연결 구조 형성 방법에 관한 것으로, 위상 절연체를 활용한 새로운 상호연결 물질 자체의 성능 개선을 다루는 연구 아이디어와 기술적 내용이 다르다.",False,"후보 문헌은 구리 등 금속 다층 증착을 통한 저저항 콘택/상호연결 제조 공정에 관한 것으로, 위상절연체 표면상태를 이용한 상호연결 소재 및 전도 특성 분석이라는 연구 아이디어의 기술 수단이나 문제와 겹치지 않는다."
1607.06131v2,metallization,kr_1020240025544,7,6.2731,False,"후보 문헌은 박막 형성 물질의 결합 에너지에 대한 내용으로, 연구 아이디어에서 다루는 토폴로지 절연체 인터커넥트의 성능 및 저항 특성과는 기술적 관련성이 낮습니다.",False,"후보 문헌은 박막 형성 물질의 결합해리에너지 계산에 관한 것으로, 위상절연체 상호연결선의 저항 및 전도 특성을 다루는 연구 아이디어와 기술 문제나 기술 수단이 겹치지 않는다."
1607.06131v2,metallization,kr_KR100630437B1,8,6.2731,False,"연구 아이디어는 나노미터 스케일의 금속 인터커넥트 대체 물질로 위상 절연체를 제안하는 반면, 후보 문헌은 유기물 저항 메모리 장치에 관한 것으로, 다루는 기술 문제와 수단이 다르다.",False,"후보 문헌은 유기물 저항 메모리 소자에 관한 것으로, 위상절연체 기반 인터커넥트의 저항 및 산란 저항성 문제와는 기술 분야와 해결 수단이 전혀 다르다."
1607.06131v2,metallization,kr_KR1020010098415A,9,6.2731,False,"후보 문헌은 필름 증착을 위한 전구체 혼합물에 관한 것으로, 연구 아이디어에서 다루는 위상 절연체 인터커넥트의 성능 및 저항 특성과는 기술적 관련성이 낮다.",False,"이 문헌은 CVD/ALD용 전구체 소스 혼합물 조성과 제조에 관한 것으로, 위상 절연체 상호연결의 저항 및 전도 특성을 다루는 연구 아이디어와 기술 문제나 기술 수단이 겹치지 않는다."
1607.06131v2,metallization,kr_KR1020050029693A,10,6.2731,False,"후보 문헌은 불휘발성 메모리 장치에 관한 것으로, 연구 아이디어인 토폴로지 절연체 인터커넥트의 성능과는 기술적인 문제 및 수단이 다르다.",False,"후보 문헌은 비휘발성 플래시 메모리 셀의 게이트 구조에 관한 것으로, 연구 아이디어의 위상 절연체 기반 인터커넥트 저항/전도성 문제와 기술 분야 및 수단이 전혀 다르다."
2405.02046v1,metallization,us_US20040048157A1,1,14.4714,False,"연구 아이디어는 구리-알루미늄 합금 박막을 차세대 배선 재료로 사용하는 것에 대한 것이고, 후보 문헌은 리튬-바나듐 산화물 박막 배터리에 관한 것으로, 기술 문제와 수단이 완전히 다르다.",False,"후보 문헌은 리튬 바나듐 산화물 박막 배터리에 관한 것으로, Cu-Al 인터커넥트 금속화 기술과 기술적 문제나 수단이 전혀 겹치지 않는다."
2405.02046v1,metallization,kr_1020230142437,2,14.1642,,,False,"후보 문헌은 산화갈륨-탄화규소 포토디텍터 제조 공정에 관한 것으로, Cu-Al 인터커넥트 메탈화 재료 연구와 기술 문제나 수단이 겹치지 않는다."
2405.02046v1,metallization,kr_1020137008425,3,13.4961,True,"두 자료 모두 구리 합금 박막을 다루며, 특히 구리 합금의 특성과 금속 배선(interconnect) 응용에 대한 연구를 진행하고 있다는 점에서 관련성이 있다.",False,"후보 문헌은 박막 트랜지스터 구조에서 구리 합금층을 사용하는 소자 특허로, Cu-Al 금속간화합물의 인터커넥트 배선용 물성 및 저항 특성을 다루는 연구 아이디어와 기술적 문제나 수단이 다르다."
2405.02046v1,metallization,kr_1020090005381,4,13.0054,False,"후보 문헌은 메모리 소자 제조 방법에 관한 것으로, 연구 아이디어에서 다루는 interconnect metallization과는 기술적인 문제와 수단이 다르다.",False,"후보 문헌은 메모리 소자의 전이금속 실리사이드 나노결정화 공정에 관한 것으로, Cu-Al 합금 기반 인터커넥트 금속화 문제와는 기술 분야와 수단이 다르다."
2405.02046v1,metallization,kr_KR1020170046093A,5,12.5804,False,"후보 문헌은 게이트 구조 및 반도체 소자 제조에 관한 것으로, 연구 아이디어에서 다루는 interconnect metallization과는 기술적인 문제와 수단이 다르다.",False,"후보 문헌은 게이트 스택 및 스페이서 구조에 관한 것으로, Cu-Al 인터커넥트 금속화 재료 및 저항률 문제와는 기술 분야와 수단이 다르다."
2405.02046v1,metallization,us_US5970378A,6,12.4963,False,"연구 아이디어는 Cu-Al 합금의 배선 금속 대체 가능성을 탐구하는 반면, 후보 문헌은 TiN 박막 형성 및 저항 감소를 위한 플라즈마 처리 방법에 관한 것으로, 다루는 물질 및 기술적 문제가 다르다.",False,"후보 문헌은 CVD로 형성된 TiN 배리어층의 플라즈마 처리 공정을 다루며, Cu-Al 합금 박막의 인터커넥트 금속화 및 저항 특성 연구와는 재료 및 기술적 문제가 다르다."
2405.02046v1,metallization,kr_KR1020200133594A,7,11.5644,False,"후보 문헌은 쇼트키 다이오드에 관한 것으로, 연구 아이디어인 CuAl 합금 박막을 이용한 반도체 배선과는 기술적인 문제 및 수단이 다르다.",False,"후보 문헌은 산화갈륨 기반 쇼트키 다이오드 구조에 관한 것으로, Cu-Al 금속간화합물 박막의 인터커넥트 금속화 대안 연구와 기술 문제나 수단이 겹치지 않는다."
2405.02046v1,metallization,us_US20070072439A1,8,11.3182,False,"연구 아이디어는 구리 대체 금속 인터커넥트 소재에 대한 것이고, 후보 문헌은 산화물 반도체 TFT 소자에 관한 것으로, 다루는 기술 문제와 수단이 다르다.",False,"후보 문헌은 산화물 반도체 박막트랜지스터 제조에 관한 것으로, Cu-Al 금속간화합물 배선 재료의 전기적 특성과 안정성을 다루는 연구 아이디어와 기술 문제나 수단이 겹치지 않는다."
2405.02046v1,metallization,us_US20080278990A1,9,11.3093,False,"연구 아이디어는 Cu-Al 합금의 배선 금속 적용 가능성을 탐구하는 반면, 후보 문헌은 금속 산화막 기반의 저항 스위칭 메모리 소자에 관한 것으로, 다루는 기술 문제와 수단이 다르다.",False,"후보 문헌은 저항 변화 메모리 소자의 금속산화물 스위칭 층 구조에 관한 것으로, Cu-Al 합금 배선 금속화 및 저저항 인터커넥트 소재 개발이라는 연구 아이디어의 기술 문제나 수단과 무관하다."
2405.02046v1,metallization,us_US20120153483A1,10,10.723,True,"두 기술 모두 interconnect metallization, 즉 배선 금속화 기술을 다루고 있으며, 기존 구리 배선의 대안을 모색한다는 공통점을 가짐.",True,둘 다 구리를 대체하거나 배리어 없는 새로운 금속/화합물을 이용한 첨단 인터커넥트 금속화라는 동일한 기술 문제를 다루고 있다.
2402.14112v3,metallization,us_US20110281173A1,1,5.8395,False,"후보 문헌은 전극 및 전해질의 안정성에 관한 것으로, 연구 아이디어에서 다루는 반도체 와이어의 전기 저항 및 비선형 전류 현상과는 기술적 관련성이 없다.",False,"후보 문헌은 전기화학 셀의 전해질 및 전극 조립체에 관한 것으로, 연구 아이디어의 밴드 기하학적 비선형 전류 및 표면 산란 이론과 기술적 관련성이 없다."
2402.14112v3,metallization,us_US20130075686A1,2,5.3575,False,"후보 문헌은 변저항 메모리 소자 구조에 대한 내용으로, 연구 아이디어에서 다루는 Dirac/Weyl 물질 기반 인터커넥트의 비선형 전류 현상과는 기술적 내용 및 해결하려는 문제가 다르다.",False,"후보 문헌은 가변저항 메모리 소자 구조에 관한 것으로, 연구 아이디어가 다루는 베리 곡률과 표면 산란에 기인한 비선형 전류 및 상호연결 저항 문제와 기술적 문제나 수단이 전혀 겹치지 않는다."
2402.14112v3,metallization,kr_1020120111603,3,5.1801,False,"후보 문헌은 ReRAM 소자 제조 방법에 관한 것으로, 연구 아이디어에서 다루는 Dirac/Weyl 물질 기반 인터커넥트의 비선형 전류 현상과는 기술적 내용 및 해결하려는 문제가 다르다.",False,"후보 문헌은 ReRAM 소자의 전도성 필라멘트 제조 공정을 다루며, 연구 아이디어의 Dirac/Weyl 물질에서의 표면산란과 베리 곡률 기반 비선형 전류 이론과는 기술 문제 및 수단이 전혀 다르다."
2402.14112v3,metallization,kr_1020240025544,4,5.1801,False,"후보 문헌은 박막 형성 물질의 결합 에너지에 대한 내용으로, 연구 아이디어에서 다루는 Dirac/Weyl 물질 기반 인터커넥트의 비선형 전류 현상과는 기술적 내용이 상이하다.",False,"후보 문헌은 박막 형성용 화학 물질의 결합해리에너지에 관한 것으로, 연구 아이디어의 밴드 기하학적 비선형 종방향 전류 및 표면 산란 이론과 기술적 문제나 수단이 전혀 겹치지 않는다."
2402.14112v3,metallization,kr_KR100630437B1,5,5.1801,False,"후보 문헌은 유기물 저항 메모리 장치에 대한 것으로, 연구 아이디어에서 다루는 Dirac/Weyl 물질 기반 인터커넥트의 비선형 전류 현상과는 기술적인 문제 및 수단이 다르다.",False,"후보 문헌은 유기물 저항 메모리 소자의 구조 및 제조 방법에 관한 것으로, 딕/바일 물질에서 베리 곡률과 표면 산란에 기인한 비선형 전류 및 배선 저항 문제를 다루는 연구 아이디어와 기술 문제나 수단이 전혀 겹치지 않는다."
2402.14112v3,metallization,kr_KR1020010035668A,6,5.1801,False,"후보 문헌은 금속층 연마 슬러리의 조성 및 연마 방법에 관한 것으로, 연구 아이디어에서 다루는 Dirac/Weyl 물질 기반 인터커넥트의 비선형 전류 현상과는 기술적 내용이 상이하다.",False,"후보 문헌은 CMP 슬러리 화학 조성에 관한 것으로, 연구 아이디어의 Dirac/Weyl 물질 배선의 밴드기하학적 비선형 전류 및 표면산란 이론과 기술적 문제/수단이 전혀 겹치지 않는다."
2402.14112v3,metallization,kr_KR1020010098415A,7,5.1801,False,"후보 문헌은 전구체 소스 혼합물 및 필름 증착 방법에 관한 것으로, 연구 아이디어에서 다루는 Dirac/Weyl 물질 기반 인터커넥트의 비선형 전류 현상과는 기술적 관련성이 없다.",False,"후보 문헌은 CVD/ALD용 전구체 소스 혼합물 조성에 관한 것으로, 연구 아이디어의 밴드기하학적 비선형 전류 및 표면산란 이론과는 기술 문제나 수단이 전혀 겹치지 않는다."
2402.14112v3,metallization,kr_KR1020050029693A,8,5.1801,False,"후보 문헌은 불휘발성 메모리 장치에 관한 것으로, 연구 아이디어에서 다루는 전선 내 비선형 전류 현상과는 기술적 내용 및 해결하려는 문제가 다르다.",False,"후보 문헌은 비휘발성 메모리 소자의 게이트 구조에 관한 것으로, 딥/바일 물질의 배리 곡률과 표면 산란에 의한 비선형 종방향 전류 이론과는 기술 문제나 수단이 전혀 다르다."
2402.14112v3,metallization,kr_KR1020080043173A,9,5.1801,False,"후보 문헌은 반도체 메모리 소자 및 제조 방법에 관한 것으로, 연구 아이디어에서 다루는 Dirac/Weyl 물질 기반 인터커넥트의 비선형 전류 현상과는 기술적 내용 및 해결하려는 문제가 다르다.",False,"후보 문헌은 저항성 메모리 소자의 구조 및 제조 방법에 관한 것으로, 연구 아이디어의 핵심인 Dirac/Weyl 물질에서의 밴드 기하학적 비선형 전류 및 표면산란 이론과 기술적 문제나 수단이 겹치지 않는다."
2402.14112v3,metallization,us_US20040048157A1,10,5.1801,False,"후보 문헌은 리튬-바나듐 산화막 배터리의 제조 및 사용에 관한 것으로, 연구 아이디어에서 다루는 전선 내 비선형 전류 현상과는 기술적 내용 및 해결하려는 문제가 완전히 다르다.",False,"후보 문헌은 리튬 바나듐 산화물 박막 배터리에 관한 것으로, 밴드 기하학적 비선형 전류 및 표면 산란에 의한 저항 이론과 무관하다."
2001.03295v1,metallization,kr_1020157023069,1,14.7708,False,"후보 문헌은 플렉시블 패키징 아키텍처 전반에 대한 내용으로, 연구 아이디어에서 다루는 무전해 도금용 배리어/시드 시스템 및 TSV 구조의 전기적 품질 향상과는 기술적 내용이 상이함.",False,"후보 문헌은 유연 패키징 구조 및 다이 매립 공정에 관한 것으로, SAM 기반 배리어/시드층 전기도금 금속화 기술과 기술적 문제나 수단이 겹치지 않는다."
2001.03295v1,metallization,kr_KR1020100040455A,2,14.7615,True,"Both the research idea and the candidate document address the fabrication of semiconductor devices with Through-Silicon Vias (TSVs) and focus on improving the quality and reliability of interconnects within these structures, specifically dealing with layers deposited within TSV structures.",False,"후보 문헌은 TSV 트렌치에 실리콘막을 매립하고 이온주입 및 레이저 어닐링으로 불순물을 확산시키는 공정에 관한 것으로, SAM 기반 무전해 도금용 배리어/시드층 형성 기술과는 기술적 문제와 수단이 다르다."
2001.03295v1,metallization,us_US20090194876A1,3,14.6456,True,"Both address barrier layers for interconnects in semiconductor devices, aiming to improve electrical performance and prevent diffusion, though they explore different materials and deposition methods.",False,"이 문헌은 Cu/ultra low-k 상호연결 구조의 확산 배리어 및 아키텍처에 관한 것으로, SAM 기반 무전해 도금 시드/배리어층 형성이라는 연구 아이디어의 핵심 기술 수단이나 문제와 직접적인 관련이 없다."
2001.03295v1,metallization,kr_1020110021034,4,13.4867,False,"후보 문헌은 3D 적층 구조의 비휘발성 메모리 소자 제조 방법에 관한 것으로, 연구 아이디어에서 다루는 복잡한 표면의 무전해 도금용 배리어/시드 시스템과는 기술적인 문제 및 수단이 다르다.",False,"후보 문헌은 3D 적층 저항 스위칭 메모리 소자 제조에 관한 것으로, SAM 기반 배리어/시드층을 이용한 무전해 금속화 기술과는 기술적 문제나 수단이 겹치지 않는다."
2001.03295v1,metallization,kr_KR1020020002717A,5,12.6237,False,"후보 문헌은 플래시 메모리 셀 제조 방법에 관한 것으로, 연구 아이디어에서 다루는 전도성 박막 형성 및 배리어/시드 레이어 기술과는 관련이 없습니다.",False,"후보 문헌은 플래쉬 메모리 셀의 플로팅 게이트/컨트롤 게이트 형성 공정에 관한 것으로, SAM 기반 배리어/시드층을 이용한 무전해 금속화 및 TSV 관련 기술과는 문제나 수단 면에서 관련이 없다."
2001.03295v1,metallization,kr_KR1020220091525A,6,12.3768,False,"후보 문헌은 금속층 증착 및 제거 공정에 관한 것으로, 연구 아이디어에서 다루는 SAM 기반 배리어/시드층의 형성 및 전기적 특성 개선과는 기술적 초점이 다르다.",False,"후보 문헌은 다층 금속 증착 및 평탄화를 통한 저저항 콘택 형성 방법을 다루며, SAM 기반 배리어/시드층이나 무전해 금속화와는 기술 수단이 다르다."
2001.03295v1,metallization,kr_1020240125457,7,12.2901,False,"후보 문헌은 유기막 조성물 및 형성 방법에 관한 것으로, 연구 아이디어에서 다루는 SAM 기반 배리어/시드 시스템의 전기적 특성 및 고주파 신호 적용과는 기술적 연관성이 낮습니다.",False,"후보 문헌은 반도체 패턴 형성용 유기막 조성물에 관한 것으로, SAM 기반 배리어/시드층을 이용한 무전해 금속화 기술과는 기술 문제와 수단이 다르다."
2001.03295v1,metallization,us_US20060054950A1,8,12.2774,False,"후보 문헌은 전이 금속 산화막을 이용한 비휘발성 메모리 셀에 관한 것으로, 연구 아이디어에서 다루는 복잡한 표면의 무전해 도금용 배리어/시드 시스템과는 기술적인 내용이 다르다.",False,"후보 문헌은 전이금속 산화물 기반 비휘발성 메모리 셀 제조에 관한 것으로, SAM 기반 배리어/시드층 및 무전해 금속화 기술과는 기술 문제나 수단이 겹치지 않는다."
2001.03295v1,metallization,kr_1020080011204,9,12.2224,False,"후보 문헌은 ReRAM 소자 구조에 대한 내용으로, 연구 아이디어에서 다루는 복잡한 표면에 대한 무전해 도금용 배리어/시드 시스템과는 기술적 내용이 다르다.",False,"후보 문헌은 ReRAM 저항 메모리 소자와 금속 질화물 저항층에 관한 것으로, SAM 기반 배리어/시드층을 이용한 무전해 금속화 기술과는 기술 문제나 수단이 상이하다."
2001.03295v1,metallization,kr_KR1020100085673A,10,12.1866,False,"후보 문헌은 불휘발성 메모리 소자 제조 방법에 관한 것으로, 연구 아이디어에서 다루는 복잡한 표면의 무전해 도금용 배리어/시드 시스템과는 기술적 내용이 다르다.",False,"후보 문헌은 비휘발성 메모리 소자의 게이트 실리사이드화 및 차단막 공정에 관한 것으로, SAM 기반 무전해 금속화 시드/배리어층 기술과 기술적 문제나 수단이 겹치지 않는다."
0706.2726v2,metallization,kr_KR1020010098415A,1,9.3492,False,"후보 문헌은 필름 증착을 위한 전구체 조성물에 관한 것으로, 자기 터널 접합의 장벽층 역할을 연구하는 연구 아이디어와 기술적 관련성이 낮습니다.",False,"후보 문헌은 CVD/ALD용 전구체 소스 혼합물 제조에 관한 것으로, 자성 터널 접합의 장벽층 스핀 전달 특성 연구와는 기술 문제나 수단이 겹치지 않는다."
0706.2726v2,metallization,us_US20040048157A1,2,9.3492,False,"후보 문헌은 리튬-바나듐 산화막 박막 배터리의 제조 및 사용에 관한 것으로, 연구 아이디어에서 다루는 자성 터널 접합의 장벽층 역할을 탐구하는 기술과 관련이 없습니다.",False,"후보 문헌은 리튬 이온 박막 배터리에 관한 것으로, 자기터널접합의 장벽층 스핀 의존 터널링 현상과는 기술 분야와 문제가 전혀 다르다."
0706.2726v2,metallization,us_US20110281173A1,3,8.8751,False,"연구 아이디어는 자성 터널 접합의 배리어층 역할을 탐구하는 반도체 물리 기술에 관한 것이고, 후보 문헌은 전해 화학 전지의 전극 어셈블리에 관한 것으로 기술 분야와 해결하려는 문제가 완전히 다르다.",False,"후보 문헌은 전기화학 셀의 전해질 및 전극 조립체에 관한 것으로, 마그네틱 터널 접합의 배리어 층과 스핀 편극 터널링 전송을 다루는 연구 아이디어와 기술적 문제나 수단이 전혀 다르다."
0706.2726v2,metallization,us_US20130214234A1,4,8.6364,False,"연구 아이디어는 자성 터널 접합의 배리어층 내 스핀 수송 메커니즘을 탐구하는 반면, 후보 문헌은 저항 스위칭 소자의 구조 및 제조 방법에 관한 것으로, 기술적 문제와 수단이 다르다.",False,"후보 문헌은 저항변화 메모리(RRAM)의 소자 구조 및 형성 방법에 관한 것으로, 자기터널접합의 배리어층 스핀 의존 터널링 물리를 다루는 연구 아이디어와 기술 문제나 수단이 겹치지 않는다."
0706.2726v2,metallization,us_US20060054950A1,5,8.5261,False,"후보 문헌은 전이 금속 산화막을 이용한 비휘발성 메모리 셀에 관한 것으로, 연구 아이디어에서 다루는 자성 터널 접합의 배리어 층 역할 탐구와 기술적 관련성이 낮습니다.",False,"후보 문헌은 전이금속 산화물 기반 저항변화 메모리 셀 제조에 관한 것으로, 자기터널접합의 장벽층 스핀 의존 터널링 메커니즘 연구와는 기술적 문제와 수단이 다르다."
0706.2726v2,metallization,kr_KR1020200072627A,6,8.4733,False,"후보 문헌은 전이금속 칼코겐화합물 박막 제조 방법에 관한 것으로, 연구 아이디어에서 다루는 자성 터널 접합의 배리어 층 역할 탐구와 기술적 연관성이 없다.",False,"후보 문헌은 전이금속 칼코겐화합물 박막 제조 공정에 관한 것으로, 자기터널접합의 배리어층 스핀 의존 터널링 메커니즘 연구와 기술 문제나 수단이 겹치지 않는다."
0706.2726v2,metallization,us_US20130075686A1,7,8.3931,False,"연구 아이디어는 자성 터널 접합의 배리어층 역할을 탐구하는 반면, 후보 문헌은 이온 소스를 이용한 가변 저항 메모리 소자 구조에 관한 것으로, 기술적인 문제와 수단이 다르다.",False,"후보 문헌은 이온원 전극 기반 저항변화 메모리(RRAM) 소자에 관한 것으로, 자기터널접합의 장벽층 스핀 의존 터널링 메커니즘 연구와는 기술 문제나 수단이 전혀 다르다."
0706.2726v2,metallization,kr_KR1020050029693A,8,8.2157,False,"후보 문헌은 불휘발성 메모리 장치에 관한 것으로, 자기 터널 접합의 수송 현상 및 배리어 층의 역할을 연구하는 연구 아이디어와 기술적 내용이 다르다.",False,"후보 문헌은 비휘발성 반도체 메모리의 부유 게이트 구조에 관한 것으로, 자기터널접합의 장벽층 스핀 의존 터널링 현상을 다루는 연구 아이디어와 기술 문제 및 수단이 전혀 다르다."
0706.2726v2,metallization,kr_1020160093314,9,8.0442,False,"후보 문헌은 전자 섬유 증착 장치에 대한 것으로, 연구 아이디어에서 다루는 자성 터널 접합의 수송 현상 및 배리어 층 역할과는 기술적 내용이 전혀 관련이 없습니다.",False,"후보 문헌은 섬유 기판에 증착물질을 균일하게 도포하는 기계적 증착 장치에 관한 것으로, 자기터널접합의 배리어층 스핀 전달 물리 현상을 다루는 연구 아이디어와 기술 문제나 수단이 전혀 겹치지 않는다."
0706.2726v2,metallization,kr_KR1020140096669A,10,8.0442,False,"후보 문헌은 일반적인 반도체 장치 구조 및 노이즈 차폐에 관한 것으로, 자기 터널 접합의 배리어 층 역할 연구와는 기술적 내용 및 문제 해결 방식이 다르다.",False,"후보 문헌은 관통전극과 반전층을 이용한 노이즈 차폐 반도체 소자 구조에 관한 것으로, 자기터널접합의 배리어층 스핀 의존 터널링 물리를 다루는 연구 아이디어와 기술 문제 및 수단이 전혀 다르다."
1307.5972v1,metallization,kr_1020080134761,1,3.6943,False,"후보 문헌은 불휘발성 메모리 장치에 관한 것으로, 연구 아이디어의 그래핀 이중층 구조의 전하 이동도에 대한 유전 환경 효과 연구와는 기술적인 내용이 다르다.",False,"후보 문헌은 비휘발성 메모리 소자의 전하 축적층 구조를 다루며, 그래핀 이중층의 유전 환경에 따른 캐리어 이동도 이론 연구와는 기술 문제와 수단이 다르다."
1307.5972v1,metallization,kr_1020117011375,2,3.6943,False,"후보 문헌은 실리콘 기반 메모리 소자 구조에 관한 것으로, 연구 아이디어에서 다루는 그래핀 이중층 구조의 유전 환경 효과와는 기술적인 내용과 적용 분야가 다르다.",False,그래핀 이중층의 유전 환경에 따른 캐리어 이동도 이론 연구와 실리콘 나노와이어 크로스바 저항 메모리 구조는 기술 문제와 수단이 전혀 다르다.
1307.5972v1,metallization,kr_1020137027103,3,3.6943,False,"후보 문헌은 MEMS 디바이스 구조에 관한 것으로, 연구 아이디어의 그래핀 이중층 구조의 유전 환경 효과와는 기술적 내용이 다르다.",False,"후보 문헌은 압전 MEMS 소자 구조에 관한 것으로, 그래핀 이중층의 전하 불순물 제한 이동도 및 유전 환경 효과라는 연구 아이디어의 기술 문제나 수단과 무관하다."
1307.5972v1,metallization,kr_1020150139161,4,3.6943,False,"후보 문헌은 터치 패널의 구조에 대한 내용으로, 연구 아이디어에서 다루는 그래핀 이중층 구조의 유전 환경 효과와는 기술적인 관련성이 낮습니다.",False,"후보 문헌은 터치 패널의 도전층 및 정전용량 구조에 관한 것으로, 그래핀 이중층 구조의 유전 환경에 따른 캐리어 이동도 연구와 기술적 문제나 수단이 전혀 겹치지 않는다."
1307.5972v1,metallization,kr_1020160093314,5,3.6943,False,"후보 문헌은 전자 섬유 증착 장치에 대한 것으로, 연구 아이디어인 그래핀 이중층 구조의 유전 환경 효과와는 기술적인 내용이 전혀 다르다.",False,"후보 문헌은 섬유 기판 증착 장치의 기계적 구조에 관한 것으로, 그래핀 이중층 구조의 유전 환경과 캐리어 이동도 이론 연구와는 기술 문제나 수단이 전혀 다르다."
1307.5972v1,metallization,kr_1020220078082,6,3.6943,False,"연구 아이디어는 그래핀 이중층 구조의 유전 환경이 전하 이동도에 미치는 영향에 대한 이론적 연구이고, 후보 문헌은 반도체 기판의 패시베이션 화합물에 관한 것으로, 기술적인 문제나 수단이 상이함.",False,"후보 문헌은 반도체 표면 패시베이션 화합물 및 박막 형성 공정에 관한 것으로, 그래핀 이중층 구조의 유전 환경에 따른 캐리어 이동도 이론 연구와 기술 문제나 수단이 상이하다."
1307.5972v1,metallization,kr_1020227000243,7,3.6943,False,"후보 문헌은 유전체 층에 와이어를 형성하는 제조 방법에 관한 것으로, 연구 아이디어에서 다루는 그래핀 이중층 구조의 유전 환경 효과와는 기술적 내용이 다르다.",False,"후보 문헌은 반도체 상호접속 와이어의 저저항 코어 구조 제작 방법에 관한 것으로, 그래핀 이중층의 유전체 환경에 따른 캐리어 이동도 특성을 다루는 연구 아이디어와 기술적 문제나 수단이 무관하다."
1307.5972v1,metallization,kr_KR100630437B1,8,3.6943,False,"후보 문헌은 유기물 저항 메모리 장치에 관한 것으로, 연구 아이디어의 그래핀 이중층 구조의 전하 이동도에 대한 유전 환경 효과와는 기술적 내용이 다르다.",False,"후보 문헌은 폴리이미드 기반 유기물 저항 메모리 장치에 관한 것으로, 그래핀 이중층 구조의 유전체 환경에 따른 캐리어 이동도라는 연구 아이디어의 기술 문제나 수단과 무관하다."
1307.5972v1,metallization,kr_KR100786707B1,9,3.6943,False,"후보 문헌은 불휘발성 메모리 장치 제조 방법에 관한 것으로, 연구 아이디어에서 다루는 그래핀 이중층 구조의 유전 환경 효과와는 기술적 내용 및 적용 분야가 다르다.",False,"후보 문헌은 비휘발성 메모리 소자의 전하 트랩막 구조에 관한 것으로, 그래핀 이중층의 유전 환경에 따른 캐리어 이동도 이론 연구와는 기술 문제와 수단이 상이하다."
1307.5972v1,metallization,kr_KR100791948B1,10,3.6943,False,"후보 문헌은 탄소나노튜브 배선 형성 방법에 관한 것으로, 연구 아이디어의 그래핀 이중층 구조의 유전 환경 효과와는 기술적 내용 및 다루는 문제가 다르다.",False,"후보 문헌은 탄소나노튜브 배선 제조 공정에 관한 것으로, 그래핀 이중층 구조의 유전체 환경이 캐리어 이동도에 미치는 영향을 다루는 연구 아이디어와 기술 문제 및 수단이 상이하다."
2502.12827v1,metallization,kr_KR1020010098415A,1,9.3181,False,"후보 문헌은 필름 증착을 위한 전구체 혼합물에 관한 것으로, 연구 아이디어에서 다루는 방향성 전도체 및 저항 스케일링과는 기술적 관련성이 낮다.",False,"후보 문헌은 CVD/ALD용 전구체 화합물 조성에 관한 것으로, NbP 결정 방향성 저항 스케일링 및 이종 인터커넥트 물성 연구와 기술 문제나 수단이 겹치지 않는다."
2502.12827v1,metallization,kr_KR1020040007480A,2,8.1845,False,"후보 문헌은 유기 반사 방지막 식각 방법에 관한 것으로, 연구 아이디어에서 다루는 NbP 결정체의 저항 스케일링 및 방향성 전도체 활용과는 기술적 내용이 상이하다.",False,"후보 문헌은 유기 반사 방지막 플라즈마 식각 공정에 관한 것으로, NbP 결정의 방향성 저항 스케일링 및 이종전기 상호연결 재료 연구와 기술 문제 및 수단이 전혀 겹치지 않는다."
2502.12827v1,metallization,kr_KR1020090098905A,3,7.7822,False,"후보 문헌은 BEOL 상호접속 구조물의 제조 방법에 관한 것으로, 연구 아이디어에서 다루는 anisotropic conductor의 저항 스케일링과는 기술적 내용이 다르다.",False,"이 문헌은 BEoL 인터커넥트의 저유전율 공정 통합(비아/배리어층 형성) 특허로서, 연구 아이디어가 다루는 이방성 반금속 NbP의 결정 방향 의존 저항 스케일링 및 표면 산란 물리와는 기술 문제와 수단이 다르다."
2502.12827v1,metallization,kr_KR1020010108658A,4,7.1421,False,"후보 문헌은 메모리 소자와 로직 소자를 통합하는 반도체 소자 및 제조 방법에 관한 것으로, 연구 아이디어에서 다루는 anisotropic conductor를 이용한 interconnect scaling과는 기술적 내용이 다르다.",False,"이 문헌은 MML 반도체 소자의 게이트/콘택 구조에 관한 것으로, NbP 등 이방성 물질 기반 인터커넥트의 결정방향 의존 저항 스케일링 문제와는 기술적 문제나 수단이 전혀 겹치지 않는다."
2502.12827v1,metallization,kr_KR1020020047228A,5,6.319,False,"후보 문헌은 3D 메모리 디바이스의 구조 및 제조 방법에 관한 것으로, 연구 아이디어에서 다루는 anisotropic conductor를 이용한 interconnect의 저항 스케일링과는 기술적 내용이 상이하다.",False,"후보 문헌은 3차원 전하 저장 메모리 어레이 제조에 관한 것으로, NbP 결정 방향에 따른 저항 스케일링 및 이방성 전도체를 이용한 interconnect 문제와 기술적 연관성이 없다."
2502.12827v1,metallization,kr_KR1020010077529A,6,6.2662,False,"후보 문헌은 비휘발성 메모리 소자 제조 기술에 관한 것으로, 연구 아이디어의 초소형 interconnect의 저항 스케일링과는 기술적 내용이 다르다.",False,"후보 문헌은 비휘발성 메모리소자의 셀 구조 및 제조방법에 관한 것으로, NbP 결정 배향 의존 저항 스케일링 및 이방성 반도체 인터커넥트 재료 연구와 기술적 문제나 수단이 겹치지 않는다."
2502.12827v1,metallization,kr_1020167030248,7,6.1559,False,"연구 아이디어는 전도성 물질의 결정 방향에 따른 저항 스케일링을 다루고, 후보 문헌은 광 도파관 장치 제조 방법에 관한 것으로, 기술 분야와 해결하려는 문제가 완전히 다르다.",False,"후보 문헌은 광학 엣지 커플링 장치 제조에 관한 것으로, NbP 결정의 이방성 저항 스케일링 및 인터커넥트 재료 연구와 기술 분야 및 수단이 전혀 다르다."
2502.12827v1,metallization,kr_KR1020050003326A,8,6.1559,False,"후보 문헌은 3차원 집적회로 구조에 관한 것으로, 연구 아이디어에서 다루는 anisotropic conductor를 이용한 interconnect scaling과는 기술적인 내용이 다르다.",False,"후보 문헌은 3차원 IC 구조 및 웨이퍼 접합 기반 제작 방법에 관한 것으로, 연구 아이디어의 핵심인 이방성 반금속 NbP의 결정 방향 의존 저항 스케일링 및 인터커넥트 표면산란 문제와는 기술적 문제와 수단이 전혀 다르다."
2502.12827v1,metallization,kr_1020160093314,9,6.1016,False,"후보 문헌은 전자 섬유 증착 장치에 대한 것으로, 연구 아이디어에서 다루는 니오뮞 인화물 결정체의 저항 스케일링 및 전도성 물질의 방향성 연구와 기술적 연관성이 없습니다.",False,"후보 문헌은 전자 섬유 기판의 증착 장치에 관한 것으로, NbP 반금속의 결정 방향 의존 저항 스케일링 및 이차원 미세 배선 응용과는 기술적 문제나 수단이 전혀 겹치지 않는다."
2502.12827v1,metallization,kr_1020220078082,10,6.1016,False,"후보 문헌은 패시베이션 화합물 및 반도체 기판 제조에 관한 것으로, 연구 아이디어에서 다루는 NbP 결정체의 저항 스케일링 및 방향성 전도도와 기술적 연관성이 없습니다.",False,"후보 문헌은 반도체 표면 패시베이션 화합물 및 박막 형성에 관한 것으로, NbP 결정의 방향 의존적 저항 스케일링 및 이차원 배선 재료 연구와 기술적 문제나 수단이 겹치지 않는다."
2310.01268v1,photo,us_US20200013620A1,1,17.3227,True,"두 기술 모두 EUV 리소그래피를 사용하여 패턴을 형성하는 기술을 다루고 있으며, 특히 EUV 노광을 활용하여 미세 패턴을 구현하는 문제를 해결하려 한다는 점에서 관련성이 높다.",False,"후보 문헌은 포토레지스트를 사용하는 다층 하드마스크 스택의 선택도 개선에 관한 것으로, 연구 아이디어의 핵심인 레지스트리스(resistless) EUV 패터닝 기술과는 기술 수단과 문제가 다르다."
2310.01268v1,photo,us_US20090194876A1,2,12.9316,False,"후보 문헌은 Cu/Low-k 배선 구조에 관한 것으로, 연구 아이디어의 resistless EUV lithography 기술과는 다른 기술 문제를 다룬다.",False,"후보 문헌은 Cu/ultra low-k 상호연결 구조 및 형성 방법에 관한 것으로, EUV 리소그래피의 레지스트리스 패터닝 기술과는 기술 문제나 수단이 다르다."
2310.01268v1,photo,us_US20220082925A1,3,12.5066,True,"두 기술 모두 EUV lithography를 다루고 있으며, EUV 광자를 이용한다는 공통점을 가짐. 후보 문헌은 EUV 마스크 블랭크 제조에 관한 것이고, 연구 아이디어는 레지스트 없이 EUV를 이용한 패턴 형성 기술이므로, EUV lithography 기술의 발전과 관련된 선행기술 검토 대상으로 볼 수 있음.",False,"후보 문헌은 EUV 마스크 블랭크의 흡수층 구조 및 제조에 관한 것으로, 레지스트 없는 실리콘 표면 산화 패터닝이라는 연구 아이디어의 기술 문제나 수단과 직접적인 관련이 없다."
2310.01268v1,photo,kr_KR1020190100035A,4,11.7564,True,"Both describe methods for pattern formation on silicon using oxide layers as etch masks, addressing the challenge of creating nanoscale features in semiconductor manufacturing, though they employ different patterning techniques (EUV vs. spacer-defined lithography).",False,"후보 문헌은 포토레지스트 기반 스페이서 정의 이중 패터닝 기술을 다루는 반면, 연구 아이디어는 포토레지스트 없이 EUV 광자로 직접 산화막을 성장시키는 레지스트리스 리소그래피로 기술적 수단과 핵심 문제(레지스트 한계 극복)가 근본적으로 다르다."
2310.01268v1,photo,kr_1020240101083,5,11.6848,False,"후보 문헌은 포토레지스트 조성물에 관한 것으로, 연구 아이디어는 레지스트 없이 EUV 리소그래피를 수행하는 기술이므로 기술 수단이 다르다.",True,둘 다 EUV 리소그래피의 해상도 한계를 극복하기 위한 레지스트/무레지스트 패터닝 기술을 다루므로 선행기술 검토 대상으로 볼 만하다.
2310.01268v1,photo,kr_1020230142437,6,11.5202,False,"후보 문헌은 산화갈륨-탄화규소 포토디텍터 제조 방법에 관한 것으로, 연구 아이디어의 Resistless EUV lithography와 기술적인 연관성이 낮습니다. 두 기술은 다른 재료와 다른 목적을 다루고 있습니다.",False,"후보 문헌은 산화갈륨-탄화규소 포토디텍터 제조 공정에 관한 것으로, EUV 리소그래피나 레지스트리스 패터닝 기술과 무관하다."
2310.01268v1,photo,kr_1020197030493,7,10.972,True,"두 기술 모두 기판 표면을 개질하여 에칭 공정을 제어하는 기술을 다루고 있으며, 특히 표면 반응을 활용하여 패턴을 형성하거나 에칭 특성을 변화시키는 공통점을 가짐.",False,"후보 문헌은 플라즈마 기반 표면 개질 공정의 광학 모니터링/제어에 관한 것으로, EUV 광자 유도 산화막 패터닝이라는 레지스트리스 리소그래피 기술 수단이나 문제와 직접적인 관련이 없다."
2310.01268v1,photo,kr_1020237004782,8,10.8947,False,"후보 문헌은 EUV 마스크 재료에 관한 것으로, 연구 아이디어의 resistless EUV lithography 기술과는 다른 기술 문제를 다룬다.",False,"후보 문헌은 EUV 마스크 블랭크의 흡수체 재료에 관한 것으로, 레지스트리스 EUV 패터닝 메커니즘이라는 연구 아이디어의 기술 문제나 수단과 직접적인 관련이 없다."
2310.01268v1,photo,us_US20010000632A1,9,10.7386,False,"후보 문헌은 텅스텐 증착 공정의 마스크 역할을 하는 포토레지스트 사용에 관한 내용으로, 연구 아이디어의 레지스트리스 EUV 리소그래피와 기술적 관련성이 낮습니다.",False,"후보 문헌은 텅스텐 콘택홀 형성 및 배선 공정에 관한 것으로, EUV 리소그래피나 레지스트리스 패터닝 기술과는 무관하다."
2310.01268v1,photo,kr_KR1020190085654A,10,10.3811,True,"두 기술 모두 EUV lithography를 사용하여 패턴을 형성하는 기술을 다루고 있으며, 특히 EUV 노광을 핵심 기술 수단으로 사용한다는 점에서 관련성이 높습니다.",False,"후보 문헌은 포토레지스트를 사용하는 EUV 리소그래피 공정(질소 플라즈마 처리 및 하부막 식각)을 다루는 반면, 연구 아이디어는 포토레지스트 없이 EUV로 산화막을 직접 형성하는 무레지스트 패터닝 기법을 다루어 핵심 기술 수단이 다르다."
2406.05148v1,photo,us_US20200013620A1,1,10.5182,True,"두 자료 모두 EUV 리소그래피 공정에서 사용되는 포토레지스트 소재를 다루고 있으며, EUV 노광에 따른 소재 변화 및 공정 최적화라는 공통된 기술적 문제를 다룬다.",False,"후보 문헌은 EUV 리소그래피 패턴 형성을 위한 필름 스택 및 식각 선택성 개선 방법을 다루는 것으로, 광전자분광법을 이용한 포토레지스트의 화학적 변화 분석이라는 연구 아이디어의 기술 문제나 수단과 직접적인 관련이 없다."
2406.05148v1,photo,kr_KR100630437B1,2,10.4985,False,"연구 아이디어는 EUV 노광에 따른 포토레지스트의 화학적 변화 분석을 위한 광전자 분광법 활용에 관한 것이고, 후보 문헌은 폴리이미드 기반의 비휘발성 저항 메모리 장치에 관한 것으로, 기술적인 문제나 수단이 상이하다.",False,"후보 문헌은 폴리이미드 기반 비휘발성 저항 메모리 소자에 관한 것으로, EUV 포토레지스트의 광전자분광 분석 및 방사선 유도 화학변화라는 연구 아이디어의 기술 문제나 수단과 무관하다."
2406.05148v1,photo,kr_1020217020635,3,10.3489,False,"후보 문헌은 반사형 마스크 블랭크의 재료 및 제조 방법에 관한 것으로, 연구 아이디어에서 다루는 EUV 포토레지스트의 화학적 변화 분석과는 기술적 내용이 상이하다.",False,"후보 문헌은 EUV 반사형 마스크 블랭크의 흡수체막 재료 및 구조에 관한 것으로, 광전자분광법을 이용한 포토레지스트의 EUV 유도 화학변화 분석이라는 연구 아이디어의 기술 문제나 분석 수단과는 무관하다."
2406.05148v1,photo,kr_1020240101083,4,10.3489,False,"연구 아이디어는 EUV 포토레지스트의 화학적 변화 분석을 위한 광전자 분광법 프로토콜에 초점을 맞추고 있지만, 후보 문헌은 포토레지스트 조성물 자체에 대한 내용으로, 분석 기술보다는 재료 구성에 관한 것이므로 직접적인 관련성은 낮습니다.",False,"후보 문헌은 EUV 포토레지스트 조성물 자체의 화학 구조에 관한 특허로, 광전자분광법을 이용한 방사선 민감 재료의 특성 분석 프로토콜이라는 연구 아이디어의 기술 수단이나 분석적 문제를 다루지 않는다."
2406.05148v1,photo,kr_KR102446355B1,5,9.3822,True,"두 자료 모두 포토레지스트 재료에 대한 연구를 다루고 있으며, 특히 후보 문헌은 자외선 조사에 따른 포토레지스트의 화학적 변화(가교 결합 형성)를 기술하여 연구 아이디어의 핵심 내용과 관련이 있다.",True,둘 다 EUV/UV 노광에 의한 포토레지스트(특히 주석-산소 클러스터 계열)의 화학적 결합 변화를 다루므로 동일 기술 문제를 다루는 선행기술 검토 대상으로 볼 수 있다.
2406.05148v1,photo,kr_1020197030493,6,9.266,False,"연구 아이디어는 EUV 노광에 따른 포토레지스트의 화학적 변화 분석을 위한 광전자 방출 분광법 활용에 관한 것이고, 후보 문헌은 플라즈마 기반 표면 개질 공정 모니터링을 위한 광학 방출 분광법에 관한 것으로, 기술 수단과 다루는 재료가 다르므로 관련성이 낮다.",False,"후보 문헌은 플라즈마 표면 개질 공정의 광학 방출 분광법 모니터링에 관한 것으로, EUV 포토레지스트의 광전자 분광법을 통한 화학적 변화 분석이라는 연구 아이디어와 기술 문제나 수단이 상이하다."
2406.05148v1,photo,kr_KR1020210054385A,7,9.0318,False,"연구 아이디어는 EUV 포토레지스트의 화학적 변화 분석을 위한 광전자 분광법을 다루고 있지만, 후보 문헌은 포토레지스트가 아닌 펠리클의 구조 및 충격 방지 기술에 관한 것이므로 기술적 연관성이 없습니다.",False,"이 문헌은 EUV 펠리클의 물리적 충격 감쇠 구조에 관한 것으로, 포토레지스트의 광전자분광 분석이나 EUV 유도 화학변화 측정과는 기술적 문제나 수단이 다르다."
2406.05148v1,photo,kr_1020110021034,8,8.7995,False,"연구 아이디어는 EUV 노광 공정에서 포토레지스트의 화학적 변화 분석을 위한 광전자 분광법 활용에 관한 것이고, 후보 문헌은 3D 적층 구조의 비휘발성 저항 스위칭 메모리 소자 제조 방법에 관한 것으로, 기술적인 문제나 수단이 상이함.",False,"후보 문헌은 3D 저항 스위칭 메모리 소자 제조 공정에 관한 것으로, EUV 포토레지스트의 광전자 분광 분석과는 기술 문제나 수단이 전혀 다르다."
2406.05148v1,photo,us_US20220082925A1,9,8.589,True,"두 자료 모두 EUV 리소그래피 공정에서 사용되는 포토레지스트 또는 EUV 마스크 블랭크의 재료 및 특성에 대해 다루고 있어, 동일한 기술 문제를 다루고 있다고 판단됨.",False,"후보 문헌은 EUV 마스크 블랭크의 다층 흡수체 구조 및 제조 방법에 관한 것으로, 포토레지스트 재료의 광전자분광법을 통한 화학적 변화 분석이라는 연구 아이디어의 기술 문제나 수단과 관련이 없다."
2406.05148v1,photo,us_US20090194876A1,10,8.5824,False,"연구 아이디어는 EUV 포토레지스트의 화학적 변화 분석을 위한 광전자 분광법 사용에 관한 것이고, 후보 문헌은 Cu/저유전체 통합을 위한 상호 연결 구조에 관한 것으로, 다루는 기술 문제와 수단이 다르다.",False,"후보 문헌은 Cu/저유전율 인터커넥트 구조 및 형성 방법에 관한 것으로, EUV 포토레지스트의 광전자 분광 분석이라는 연구 아이디어의 기술 문제나 수단과 관련이 없다."
2003.10961v1,photo,kr_KR100630437B1,1,11.6321,False,"연구 아이디어는 EUV/XUV 노광에 의한 포토레지스트의 화학적 변화를 분석하는 반면, 후보 문헌은 폴리이미드 기반의 비휘발성 저항 메모리 장치에 관한 것으로, 다루는 기술 문제와 수단이 다르다.",False,"후보 문헌은 폴리이미드 기반 저항 메모리 소자에 관한 것으로, EUV/XUV 리소그래피용 주석 옥소 케이지 포토레지스트의 광화학적 반응 및 흡수 분광 연구와는 기술 분야와 문제 모두 무관하다."
2003.10961v1,photo,us_US20200013620A1,2,10.5182,False,"연구 아이디어는 XUV/EUV 노광 시 포토레지스트의 화학적 변화 메커니즘을 분석하는 반면, 후보 문헌은 EUV 레지스트 및 하드 마스크의 선택적 식각을 위한 필름 스택 구조에 대한 내용으로, 다루는 기술 문제가 다르다.",False,"후보 문헌은 EUV 리소그래피용 필름 스택 및 식각 선택도 개선을 다루는 공정 기술로, 주석 옥소 케이지 포토레지스트의 XUV 유도 광화학 반응 및 흡광 분광 분석이라는 연구 아이디어의 핵심 기술 문제나 수단과 무관하다."
2003.10961v1,photo,kr_KR102446355B1,3,10.5158,True,"두 문서 모두 주석-산소 클러스터를 기반으로 하는 포토레지스트의 광반응, 특히 자외선 또는 XUV 조사 시 결합 끊어짐과 관련된 기술 문제를 다루고 있습니다.",True,둘 다 주석-산소 클러스터(tin oxo cage) 기반 포토레지스트에서 자외선/XUV 조사에 의한 주석 관련 결합 절단과 그에 따른 광화학적 변화(가교/블리칭)를 다루는 동일 기술 주제이다.
2003.10961v1,photo,kr_1020197030493,4,10.3996,False,"연구 아이디어는 EUV/XUV 노광 시 포토레지스트의 화학적 변화를 분석하는 반면, 후보 문헌은 플라즈마 기반 표면 개질 공정의 모니터링 및 제어에 관한 것으로, 다루는 기술 문제와 수단이 다르다.",False,"후보 문헌은 플라즈마 기반 표면 개질 및 에칭 공정 모니터링에 관한 것으로, EUV/XUV 포토레지스트의 광화학적 반응 및 흡수 분광법을 다루는 연구 아이디어와 기술 문제나 수단이 겹치지 않는다."
2003.10961v1,photo,kr_1020217020635,5,10.3489,False,"연구 아이디어는 EUV/XUV 노광 시 주석 기반 포토레지스트의 화학적 변화를 분석하는 반면, 후보 문헌은 반사형 마스크 블랭크의 재료 및 제조 방법에 관한 것으로, 다루는 기술 문제나 수단이 다르다.",False,"후보 문헌은 EUV 반사형 마스크 블랭크의 흡수체막 재료(주석 합금) 구조에 관한 것으로, 주석 옥소 케이지 포토레지스트의 XUV 유도 광화학 반응 및 흡수분광 연구와는 기술 문제와 수단이 다르다."
2003.10961v1,photo,kr_1020240101083,6,10.3489,True,"두 문서 모두 주석(Sn)을 포함하는 금속 산화물 기반의 포토리소스트 물질에 대해 다루고 있으며, 광 노출에 따른 변화를 연구하고 있다는 점에서 기술적 연관성이 있다.",True,두 문헌 모두 주석 옥소 케이지(tin oxo cage) 기반 금속산화물 클러스터를 EUV/XUV 리소그래피용 포토레지스트로 사용하는 동일한 기술 수단을 다룬다.
2003.10961v1,photo,kr_1020110021034,7,9.9331,False,"연구 아이디어는 EUV/XUV 노광에 의한 포토레지스트의 화학적 변화를 분석하는 반면, 후보 문헌은 3D 적층 구조의 저항 스위칭 메모리 소자 제조 방법에 관한 것으로, 기술 문제와 수단이 다르다.",False,"후보 문헌은 3D 저항 스위칭 메모리 소자 제조에 관한 것으로, EUV/XUV 포토레지스트의 광화학적 반응 및 흡수 분광 연구와는 기술 문제와 수단이 전혀 다르다."
2003.10961v1,photo,kr_KR1020080043173A,8,9.5469,False,"후보 문헌은 반도체 메모리 소자 제조에 관한 것으로, 연구 아이디어에서 다루는 EUV 노광 저항 재료의 광화학적 변화 연구와 기술적 관련성이 낮습니다.",False,"후보 문헌은 저항성 메모리 소자 구조 및 제조 방법에 관한 것으로, 연구 아이디어의 EUV/XUV 포토레지스트 노광에 의한 tin oxo cage의 광화학적 결합 절단 메커니즘과는 기술 문제와 수단이 전혀 다르다."
2003.10961v1,photo,kr_1020240125457,9,9.4511,False,"후보 문헌은 유기막 형성 조성물에 관한 것으로, 연구 아이디어의 XUV 조사에 의한 포토레지스트 변화 연구와 기술적 관련성이 낮습니다.",False,"후보 문헌은 유기막 형성용 폴리머 조성물과 패턴 형성 방법에 관한 것으로, 주석 옥소 케이지 EUV/XUV 포토레지스트의 광화학적 결합 절단 및 흡수분광 연구와 기술적 문제나 수단이 겹치지 않는다."
2003.10961v1,photo,kr_KR1020170021191A,10,9.3065,False,"후보 문헌은 EUV 마스크의 구성 재료에 대한 내용으로, 연구 아이디어에서 다루는 Tin Oxo Cage 포토레지스트의 광화학적 반응 메커니즘과는 기술적 내용이 다르다.",False,"후보 문헌은 EUV 블랭크 마스크의 흡수막 금속 조성에 관한 것으로, 주석 옥소 케이지 포토레지스트의 XUV 유도 화학반응 및 흡수분광 분석이라는 연구 아이디어와 기술적 문제·수단이 다르다."
2504.15078v4,photo,kr_KR100630437B1,1,9.6925,False,"후보 문헌은 유기물 저항 메모리 장치 자체에 대한 내용이며, 다양한 기판에 포토레지스트를 전사하여 미세 가공을 가능하게 하는 연구 아이디어와 기술적 문제가 다르다.",False,"이 문헌은 유기물 저항 메모리 소자 구조에 관한 것으로, 포토레지스트 전이 리소그래피나 비평면 기판에 대한 미세가공 기술과는 기술 문제나 수단이 무관하다."
2504.15078v4,photo,kr_KR1020080043173A,2,9.6925,False,"후보 문헌은 반도체 메모리 소자 구조 및 제조 방법에 관한 것으로, 연구 아이디어인 다양한 기판에 대한 고정밀 마이크로패브리케이션 기술과는 기술적 내용 및 해결하고자 하는 문제가 다르다.",False,"후보 문헌은 저항성 메모리 소자 구조 및 제조 방법에 관한 것으로, 연구 아이디어의 전이 리소그래피 기법이나 감광제 패터닝 기술 문제와 기술적 관련성이 없다."
2504.15078v4,photo,us_US20060054950A1,3,8.8695,False,"후보 문헌은 전이 금속 산화막을 이용한 비휘발성 메모리 셀 제조 기술을 다루고 있어, 연구 아이디어에서 제시하는 웨이퍼 스케일 트랜스퍼 리소그래피 기술과는 기술적인 문제 및 수단이 상이함.",False,"후보 문헌은 전이금속 산화물 기반 비휘발성 메모리 셀 구조 및 제조법에 관한 것으로, 포토레지스트 전이 리소그래피 기술이나 비평탄/유연 기판 위 미세가공이라는 연구 아이디어의 핵심 기술 문제와 무관하다."
2504.15078v4,photo,kr_KR100786707B1,4,8.2294,False,"후보 문헌은 불휘발성 메모리 장치 제조에 관한 것으로, 연구 아이디어에서 제시하는 다양한 기판에 대한 고정밀 마이크로 패브리케이션 기술과는 기술적 내용 및 해결하고자 하는 문제가 다르다.",False,"후보 문헌은 비휘발성 메모리 소자의 전하 트랩막 패터닝 구조에 관한 것으로, 연구 아이디어의 전이 리소그래피 기반 유연/비평면 기판 포토레지스트 패터닝 기술과 기술 문제 및 수단이 상이하다."
2504.15078v4,photo,kr_KR1020040087051A,5,8.2294,True,"두 기술 모두 포토레지스트를 이용한 미세 패턴 형성 기술을 다루고 있으며, 특히 포토레지스트의 패턴 형성과 식각 공정을 통해 원하는 구조를 얻는다는 점에서 공통점을 가짐.",False,"후보 문헌은 표준 리지드 반도체 기판 상에서의 ArF 포토리소그래피 패턴 트리밍 및 하드마스크 형성 공정을 다루는 것으로, 리소그래피 비호환 기판으로의 전이 인쇄 및 포토레지스트 범용 전사와는 기술 문제와 수단이 다르다."
2504.15078v4,photo,us_US20110281173A1,6,8.2118,False,"연구 아이디어는 기판 제약 극복을 위한 포토레지스트 전사 기술에 관한 것이고, 후보 문헌은 전극 및 전해질 소재에 관한 것으로 기술적 내용이 상이하여 관련성이 낮다.",False,"후보 문헌은 전기화학 셀의 전해질 및 전극 구성에 관한 것으로, 포토레지스트 전이 리소그래피라는 연구 아이디어의 기술 문제나 수단과 무관하다."
2504.15078v4,photo,us_US20130075686A1,7,7.7298,False,"후보 문헌은 변저항 메모리 소자 구조에 대한 내용으로, 연구 아이디어에서 제시하는 웨이퍼 스케일 트랜스퍼 리소그래피 기술을 통한 다양한 기판 가공 문제와는 기술적 관련성이 낮습니다.",False,"후보 문헌은 가변저항 메모리 소자 구조에 관한 것으로, 리소그래피 공정이나 포토레지스트 전이 기술과는 기술적 문제나 수단이 전혀 관련이 없다."
2504.15078v4,photo,kr_KR1020010098415A,8,7.5524,False,"후보 문헌은 CVD/ALD 공정용 전구체 혼합물에 관한 것으로, 연구 아이디어인 웨이퍼 스케일 트랜스퍼 리소그래피를 통한 다양한 기판 상의 마이크로패브리케이션과는 기술적 내용이 다르다.",False,"이 문헌은 CVD/ALD용 전구체 화합물 혼합물에 관한 것으로, 연구 아이디어의 핵심인 전이 리소그래피 기반 포토레지스트 패턴 전사 기술과는 기술 문제 및 수단이 전혀 다르다."
2504.15078v4,photo,kr_KR1020050029693A,9,7.5524,False,"후보 문헌은 불휘발성 메모리 소자의 구조에 관한 것으로, 연구 아이디어에서 다루는 다양한 기판에 대한 고정밀 마이크로패브리케이션 기술과는 기술적 내용이 상이하다.",False,"후보 문헌은 비휘발성 메모리 소자의 부유/제어 게이트 구조에 관한 것으로, 리소그래피 불가능 기판에 대한 감광제 전이 공정 기술과 기술적 문제나 수단이 겹치지 않는다."
2504.15078v4,photo,kr_KR1020080041041A,10,7.3535,False,"후보 문헌은 비휘발성 메모리 장치의 구조 및 제조 방법에 관한 것으로, 연구 아이디어에서 제시하는 다양한 기판에 대한 포토레지스트 전사 기술과는 기술적 내용이 상이하다.",False,"후보 문헌은 비휘발성 메모리 소자 구조에 관한 것으로, 연구 아이디어의 핵심인 포토레지스트 전이 리소그래피 기술이나 비평탄/유연 기판 미세가공 문제와 무관하다."
2505.07346v1,photo,kr_1020197030493,1,16.1714,False,"연구 아이디어는 EUV 노광 시 포토레지스트 내 화학 반응 메커니즘 규명에 관한 것이고, 후보 문헌은 플라즈마 기반 표면 개질 및 모니터링 방법에 관한 것으로, 기술적인 문제와 수단이 다르다.",False,"후보 문헌은 플라즈마 보조 표면 개질 및 에칭 공정 모니터링에 관한 것으로, EUV 포토레지스트의 광화학 반응 메커니즘 및 PAG 분해를 다루는 연구 아이디어와 기술적 문제나 수단이 겹치지 않는다."
2505.07346v1,photo,kr_KR1020190100035A,2,14.2024,False,"후보 문헌은 스페이서-한정 직접 패터닝 기술에 대한 내용으로, EUV 포토레지스트의 화학적 반응 메커니즘을 연구하는 연구 아이디어와 기술적인 관련성이 없습니다.",False,후보 문헌은 스페이서 기반 패터닝 공정 기법을 다루는 반면 연구 아이디어는 EUV 노광에 의한 포토레지스트 내 화학반응 메커니즘(PAG 분해 등)을 다루므로 기술 문제와 수단이 서로 다르다.
2505.07346v1,photo,kr_1020240101083,3,14.0543,False,"후보 문헌은 레지스트 조성물에 대한 내용으로, 연구 아이디어의 EUV 노광에 따른 화학적 반응 메커니즘 규명과는 기술적 초점이 다르다.",False,"후보 문헌은 금속산화물 클러스터 기반 EUV 레지스트 조성물 자체에 관한 것으로, 연구 아이디어가 다루는 화학증폭형 레지스트의 PAG 분해 메커니즘 및 광전자분광-이론 결합 분석과는 기술적 문제나 수단이 겹치지 않는다."
2505.07346v1,photo,kr_KR1020190085654A,4,13.6404,True,"두 문서 모두 EUV 노광을 이용한 포토레지스트 패턴 형성 기술을 다루고 있으며, EUV 노광 과정에서 발생하는 화학적 변화 또는 그 응용에 대한 연구라는 점에서 관련성이 있다.",False,"후보 문헌은 EUV 리소그래피 공정 후 질소 플라즈마 처리를 이용한 반도체 소자 제조 공정에 관한 것으로, 연구 아이디어가 다루는 EUV 노광에 의한 포토레지스트 내 PAG 분해 반응 메커니즘 및 광전자 방출 분광학적 분석과는 기술적 문제와 수단이 다르다."
2505.07346v1,photo,kr_KR1020190060678A,5,11.7153,False,"후보 문헌은 포토레지스트 감도 향상에 초점을 맞추고 있으며, EUV 노광 시 화학적 증폭 포토레지스트 내의 반응 메커니즘을 규명하는 연구 아이디어와 기술적 초점이 다르다.",True,둘 다 EUV 포토레지스트의 노광 복사선에 대한 화학적 반응 및 감도 향상이라는 동일 기술 문제를 다루므로 선행기술 검토 대상으로 볼 수 있다.
2505.07346v1,photo,kr_1020227033671,6,11.0024,False,"후보 문헌은 EUV 포토레지스트를 사용하는 패터닝 공정의 하드마스크 구조에 관한 것으로, 연구 아이디어는 EUV 포토레지스트 내부의 화학 반응 메커니즘 규명에 초점을 맞추고 있어 기술적 접근 방식과 다루는 문제가 다르다.",False,"후보 문헌은 EUV 패터닝 공정의 다층 하드마스크 구조와 에칭 단계를 다루는 것으로, 연구 아이디어가 초점을 맞춘 포토레지스트 내 EUV 유도 화학반응 메커니즘(PAG 분해 등)과는 기술 문제 및 수단이 다르다."
2505.07346v1,photo,kr_KR1020220137082A,7,11.0024,False,"후보 문헌은 금속 함유 EUV 레지스트의 건식 현상 성능 개선을 위한 후처리 기술에 관한 것으로, 연구 아이디어에서 다루는 EUV 노광 시 화학적 반응 메커니즘 규명과는 기술적 내용이 다르다.",False,"후보 문헌은 금속-함유 EUV 레지스트의 건식 현상 공정 처리 장치/방법에 관한 것으로, 연구 아이디어의 PAG 기반 화학증폭형 레지스트의 EUV 유도 반응 메커니즘 규명과는 기술 문제 및 수단이 상이하다."
2505.07346v1,photo,kr_KR1020230029977A,8,11.0024,False,"후보 문헌은 금속 옥소 포토레지스트의 건식 현상 프로세스에 관한 것으로, 연구 아이디어인 EUV 노광 시 화학 증폭형 포토레지스트 내 반응 메커니즘 규명과는 기술적인 문제 및 수단이 다르다.",False,"후보 문헌은 금속 옥소 포토레지스트의 건식 현상(가스 반응 공정)에 관한 것으로, 연구 아이디어의 EUV 노출 시 화학증폭형 포토레지스트 내 PAG 분해 및 전자 유도 반응 메커니즘 규명과는 기술 문제와 수단이 다르다."
2505.07346v1,photo,kr_KR102446355B1,9,11.0024,True,"두 문서 모두 포토레지스트의 화학적 변화 및 감광성 관련 기술을 다루고 있으며, 특히 화학적 증폭 메커니즘과 관련된 반응을 연구하고 있다는 점에서 관련성이 높습니다.",False,"후보 문헌은 주석-산소 클러스터 기반 EUV 감광 조성물 및 가교 메커니즘에 관한 것으로, 연구 아이디어의 화학증폭형 PAG 기반 포토레지스트의 EUV 유도 반응 메커니즘 및 광전자 분광 분석과는 재료 시스템과 기술적 초점이 상이하다."
2505.07346v1,photo,kr_1020137027103,10,10.8137,False,"후보 문헌은 MEMS 디바이스의 구조에 관한 것으로, 연구 아이디어인 EUV 포토레지스트의 화학적 반응 메커니즘 연구와 기술적인 관련성이 없습니다.",False,후보 문헌은 압전 MEMS 소자에 관한 것으로 EUV 포토레지스트의 반응 메커니즘 연구와 기술 분야 및 수단이 전혀 다르다.
1912.01495v1,photo,us_US20090194876A1,1,11.955,False,"후보 문헌은 Cu/Low-k 배선 구조에 관한 것으로, 박막 패턴 형성 시 발생하는 스파이크 문제나 MTJ 기반 분자 소자 제작과는 직접적인 관련이 없습니다.",False,"후보 문헌은 Cu/저유전율 인터커넥트 구조에 관한 것으로, 포토리소그래피 감광제 프로파일 최적화를 통한 스퍼터 박막 스파이크 제거라는 연구 아이디어의 기술 문제나 수단과 무관하다."
1912.01495v1,photo,us_US20140353774A1,2,11.7945,False,"후보 문헌은 MEMS 센서의 스틱션(stiction) 감소에 관한 것으로, 연구 아이디어에서 다루는 박막 증착 시 발생하는 스파이크(spike) 문제와 기술적 연관성이 낮습니다.",False,"MEMS 스틱션 감소를 위한 도전성 범프스톱 형성 기술로, 포토레지스트 프로파일 제어를 통한 스퍼터 박막 스파이크 제거라는 연구 아이디어의 기술 문제나 수단과 무관하다."
1912.01495v1,photo,kr_1020230142437,3,10.2141,False,"후보 문헌은 산화 갈륨-탄화 규소 포토디텍터 제조 방법에 대한 내용으로, 연구 아이디어에서 다루는 박막 패턴 형성 시 발생하는 스파이크 문제와는 기술적인 관련성이 낮습니다.",False,"후보 문헌은 산화갈륨-탄화규소 포토디텍터 제조를 위한 박막 증착 및 열처리 공정을 다루며, 포토레지스트 프로파일 최적화를 통한 스퍼터 박막 측면 스파이크 감소라는 연구 아이디어의 핵심 기술 문제나 수단과 직접적인 연관이 없다."
1912.01495v1,photo,us_US20060054950A1,4,9.6504,False,"후보 문헌은 전이 금속 산화막을 사용하는 비휘발성 메모리 셀의 제조 방법에 관한 것으로, 연구 아이디어에서 다루는 박막 패턴의 스파이크 감소 기술과는 관련이 없습니다.",False,"후보 문헌은 전이금속 산화물 기반 비휘발성 메모리 셀 구조와 제조 방법을 다루며, 연구 아이디어의 핵심인 포토리소그래피 공정 최적화를 통한 스퍼터 박막 측면 스파이크 제거 기술과는 무관하다."
1912.01495v1,photo,kr_KR1020200072627A,5,9.5975,False,"후보 문헌은 전이금속 칼코겐화합물 박막 제조 및 전자소자 제조에 관한 것으로, 연구 아이디어에서 다루는 포토레지스트 프로파일 최적화를 통한 스퍼터링 박막 스파이크 감소 문제와는 기술적 내용이 다르다.",False,"후보 문헌은 전이금속 칼코겐화합물 박막의 스퍼터링 및 전자빔 결정화 공정에 관한 것으로, 연구 아이디어의 포토리소그래피 감광제 프로파일 제어를 통한 스퍼터 박막 측면 스파이크 감소 기술과는 기술 문제와 수단이 다르다."
1912.01495v1,photo,us_US20050009333A1,6,9.5905,False,"후보 문헌은 recess 내 측면에 선택적 도금을 사용하는 금속층 형성 방법으로, 연구 아이디어의 박막 스파이크 감소 문제와 기술적 수단이 다르다.",False,"후보 문헌은 리세스 내 선택적 전기도금을 통한 금속층 형성 방법을 다루며, 연구 아이디어의 핵심인 포토리소그래피 공정 최적화를 통한 스퍼터 박막 측면 스파이크 제거 문제와는 기술 문제와 수단이 다르다."
1912.01495v1,photo,kr_1020170018545,7,9.1684,False,"후보 문헌은 스퍼터링 타겟 소재에 대한 내용으로, 연구 아이디어에서 다루는 포토리소그래피 후 스퍼터링 박막의 스파이크 문제 해결과는 직접적인 관련이 없습니다.",False,"후보 문헌은 블랭크 마스크용 스퍼터 타겟의 산소 함유량에 관한 것으로, 포토레지스트 프로파일 최적화를 통한 박막 측면 스파이크 감소라는 연구 아이디어의 기술 문제나 수단과 직접적 관련이 없다."
1912.01495v1,photo,kr_1020227000243,8,9.1684,False,"후보 문헌은 와이어 형성 방법에 대한 내용으로, 연구 아이디어에서 다루는 박막 패턴 형성 시 발생하는 스파이크 현상과는 기술적 내용이 상이하여 관련성이 낮다.",False,"후보 문헌은 상호접속 와이어의 저저항 코어 구조 형성에 관한 것으로, 포토리소그래피 공정을 통한 스퍼터 박막 스파이크 감소와 MTJ 소자 제작이라는 연구 아이디어의 기술 문제나 수단과 관련이 없다."
1912.01495v1,photo,kr_KR1020090098905A,9,9.051,True,"Both documents address photolithography techniques to control feature profiles – the research idea focuses on reducing spikes on thin film edges, while the candidate document describes narrowing openings in photoresist masks to define vias, both aiming to improve pattern fidelity and device performa",False,"후보 문헌은 BEoL 상호접속 구조물에서 비아 개구 축소를 위한 포토레지스트 마스크 기법을 다루는 것으로, MTJ 박막 패턴 측면 스파이크 감소를 위한 포토레지스트 프로파일 최적화(소킹 공정)와는 기술 문제와 수단이 다르다."
1912.01495v1,photo,kr_KR1020080023346A,10,8.7994,False,"후보 문헌은 포토레지스트 제거에 관한 내용으로, 연구 아이디어에서 다루는 스퍼터링 박막의 스파이크 현상 감소 및 최적의 포토레지스트 프로파일 생성과는 기술적 문제가 다르다.",False,"이 문헌은 포토레지스트 제거용 세정 조성물에 관한 것으로, 연구 아이디어가 다루는 포토리소그래피 공정(현상액 소킹을 통한 레지스트 프로파일 최적화로 스퍼터 스파이크 감소)과는 기술 문제와 수단이 다르다."
1402.3117v1,photo,us_US20090194876A1,1,13.067,False,"후보 문헌은 반도체 interconnect 구조에 관한 것으로, 연구 아이디어의 colloidal pattern replication 기술과는 기술적인 문제 및 수단이 상이하다.",False,"후보 문헌은 Cu/저유전율 인터커넥트 구조에 관한 것으로, 연구 아이디어의 콜로이드 나노스피어 리소그래피 및 Talbot-Fabry-Perot 효과 기반 근접장 포토리소그래피 패턴 복제와 기술 문제나 수단이 겹치지 않는다."
1402.3117v1,photo,kr_1020230142437,2,11.6557,False,"후보 문헌은 산화갈륨-탄화규소 포토디텍터 제조 방법에 대한 내용으로, 연구 아이디어에서 다루는 콜로이드 패턴 복제 및 Talbot-Fabry-Perot 효과와 기술적인 연관성이 없습니다.",False,"후보 문헌은 산화갈륨-탄화규소 포토디텍터 제작 공정을 다루며, 연구 아이디어의 핵심인 콜로이달 나노스피어 리소그래피 마스크를 이용한 접촉 포토리소그래피의 Talbot-Fabry-Perot 패턴 복제 현상과는 기술 문제나 수단이 겹치지 않는다."
1402.3117v1,photo,us_US20200013620A1,3,11.3092,False,"연구 아이디어는 콜로이드 나노스피어 리소그래피와 Talbot-Fabry-Perot 효과를 이용한 패턴 복제에 관한 것이고, 후보 문헌은 EUV 리소그래피용 하드 마스크 및 포토레지스트 선택성에 관한 것으로 기술적인 문제와 수단이 다르다.",False,"후보 문헌은 EUV 리소그래피의 하드마스크/포토레지스트 선택도 개선을 위한 필름 스택 구조에 관한 것으로, 콜로이드 나노스피어 마스크를 이용한 접촉 포토리소그래피의 Talbot-Fabry-Perot 효과 및 서브파장 패턴 복제와는 기술적 문제와 수단이 다르다."
1402.3117v1,photo,kr_KR1020020047228A,4,9.6326,False,"후보 문헌은 3D 어레이 구조의 전하 저장 장치 제조에 관한 것으로, 연구 아이디어의 콜로이드 패턴 복제 및 Talbot-Fabry-Perot 효과를 이용한 미세 패턴 형성 기술과는 기술적 내용이 다르다.",False,"후보 문헌은 3차원 전하 저장 메모리 어레이 구조와 CMP 평탄화 공정에 관한 것으로, 연구 아이디어의 콜로이드 나노스피어 리소그래피와 Talbot-Fabry-Perot 근접장 노광 패턴 복제 기술과는 기술 문제나 수단이 겹치지 않는다."
1402.3117v1,photo,kr_KR1020090098905A,5,9.6326,False,"후보 문헌은 BEOL 상호접속 구조물 제조에 관한 것으로, 연구 아이디어인 콜로이드 패턴 복제 및 Talbot-Fabry-Perot 효과를 이용한 포토리소그래피와 기술적 관련성이 낮습니다.",False,"후보 문헌은 BEoL 상호접속 구조물의 비아/도전성 라인 형성 공정에 관한 것으로, 콜로이드 나노스피어 리소그래피 및 Talbot-Fabry-Perot 효과를 이용한 서브파장 패턴 복제 기술과는 기술 문제와 수단이 다르다."
1402.3117v1,photo,kr_KR100630437B1,6,9.0354,False,"후보 문헌은 유기물 저항 메모리 장치에 대한 내용으로, 연구 아이디어에서 다루는 콜로이드 패턴 복제 및 Talbot-Fabry-Perot 효과를 이용한 광식각 기술과는 기술적인 내용이 다르다.",False,"후보 문헌은 폴리이미드 기반 저항 메모리 소자에 관한 것으로, 콜로이드 패턴 복제 및 Talbot-Fabry-Perot 접촉 포토리소그래피 기술과 기술적 문제나 수단이 전혀 겹치지 않는다."
1402.3117v1,photo,us_US20040048433A1,7,8.7567,False,"후보 문헌은 메모리 집적 회로 제조 방법으로, 연구 아이디어의 콜로이드 패턴 복제 및 Talbot-Fabry-Perot 효과와 관련된 기술 문제나 수단을 다루지 않습니다.",False,"후보 문헌은 메모리 집적회로의 그루브 기반 트랜지스터 제조 공정을 다루며, 연구 아이디어의 콜로이드 나노스피어 리소그래피 및 Talbot-Fabry-Perot 근접장 포토리소그래피 패턴 복제 기술과 기술 문제나 수단이 겹치지 않는다."
1402.3117v1,photo,kr_1020080029590,8,8.6511,False,"후보 문헌은 반도체 소자 구조 및 제조 방법에 관한 것으로, 연구 아이디어에서 다루는 콜로이드 패턴 복제 및 광식각 기술과는 기술적인 문제 및 수단이 다르다.",False,"후보 문헌은 플래시 메모리 게이트 패턴 및 보호막 구조에 관한 것으로, 연구 아이디어의 콜로이드 리소그래피 마스크와 Talbot-Fabry-Perot 효과를 이용한 접촉식 광리소그래피 패턴 복제 기술과 무관하다."
1402.3117v1,photo,kr_KR1020020002717A,9,8.6511,False,"후보 문헌은 플래시 메모리 셀 제조 방법에 관한 것으로, 연구 아이디어인 콜로이드 패턴 복제 및 Talbot-Fabry-Perot 효과를 이용한 나노패터닝과는 기술적인 내용과 적용 분야가 완전히 다르다.",False,"후보 문헌은 플래쉬 메모리 셀 제조를 위한 폴리실리콘/게이트 공정에 관한 것으로, 콜로이드 나노스피어 리소그래피 및 콘택트 포토리소그래피의 Talbot-Fabry-Perot 패턴 복제 기술과는 기술 문제나 수단이 겹치지 않는다."
1402.3117v1,photo,kr_KR1020230089375A,10,8.5395,True,"Both documents utilize photolithography for pattern transfer, albeit for different purposes – the research idea focuses on replicating colloidal patterns with a specific regime, while the document describes a method for fabricating metal masks using photolithography and etching.",False,"후보 문헌은 Fe-Ni 합금 미세 메탈 마스크 제조를 위한 도금/식각 공정을 다루며, 연구 아이디어의 콜로이드 나노스피어 리소그래피 기반 Talbot-Fabry-Perot 광학 근접장 패턴 복제 및 서브파장 노광 현상과는 기술 문제와 수단이 근본적으로 다르다."
2001.07239v1,photo,kr_KR1020020047228A,1,7.5474,False,"후보 문헌은 전하 저장 장치 및 3차원 어레이 구조에 관한 것으로, 연구 아이디어의 광도파로 구조 제작과는 기술적 내용 및 해결하려는 문제가 다르다.",False,"후보 문헌은 3차원 전하 저장 메모리 어레이 제조에 관한 것으로, 다공성 실리콘 내 광도파로 구조 제작이라는 연구 아이디어의 기술 문제나 수단과 무관하다."
2001.07239v1,photo,kr_KR1020090098905A,2,7.5474,False,"후보 문헌은 BEoL 상호접속 구조물 제조에 관한 것으로, 연구 아이디어의 포러스 실리콘 기반 광도파로 제작과는 기술적 내용 및 적용 분야가 다르다.",False,"후보 문헌은 BEoL 상호접속 구조물의 유전율 감소 및 비아 형성 공정을 다루며, 다공성 실리콘 기반 광도파로 구조 제작과는 기술 문제와 수단 모두 무관하다."
2001.07239v1,photo,us_US20200013620A1,3,7.4945,False,"연구 아이디어는 다공성 실리콘 내 광도파 구조 제작에 관한 것이고, 후보 문헌은 EUV 리소트 및 하드 마스크 선택성을 위한 패턴화 방식에 관한 것으로, 다루는 기술 문제와 수단이 다르다.",False,"후보 문헌은 EUV 리소그래피용 하드마스크/포토레지스트 선택도 개선 기법을 다루며, 다공성 실리콘 내 광도파로 제작이나 패턴화된 기공 충전을 통한 광 가이딩 구조 형성이라는 연구 아이디어의 기술 문제나 수단과 무관하다."
2001.07239v1,photo,us_US20090194876A1,4,7.1671,False,"후보 문헌은 Cu/Low-k 유전체 적층 구조에 대한 내용으로, 연구 아이디어의 다공성 실리콘 내 웨이브가이드 제작과는 기술적인 문제 및 수단이 상이함.",False,"후보 문헌은 Cu/저유전율 절연체 인터커넥트 구조에 관한 것으로, 다공성 실리콘 기반 광도파로 제작이라는 연구 아이디어의 기술 문제나 수단과 무관하다."
2001.07239v1,photo,kr_1020230142437,5,7.0609,False,"후보 문헌은 산화 갈륨-탄화 규소 포토디텍터 제조 방법에 대한 내용으로, 연구 아이디어에서 다루는 다공성 실리콘 내 임베디드 웨이브가이드 구조 제작과는 기술적인 문제 및 수단이 상이함.",False,"후보 문헌은 산화갈륨-탄화규소 포토디텍터 제조 공정을 다루며, 연구 아이디어의 다공성 실리콘 기반 도파관 구조 제작 및 광 가이딩 기술과는 기술 문제나 수단이 겹치지 않는다."
2001.07239v1,photo,kr_1020080109754,6,6.6715,False,"후보 문헌은 플래시 메모리 소자 제조에 관한 것으로, 연구 아이디어의 다공성 실리콘 내 웨이브가이드 구조 제작과는 기술적인 문제 및 수단이 상이하다.",False,"후보 문헌은 플래시 메모리 소자의 폴리실리콘 게이트 구조에 관한 것으로, 다공성 실리콘 기반 광도파로 제작이라는 연구 아이디어의 기술 문제나 수단과 무관하다."
2001.07239v1,photo,us_US20030001196A1,7,6.6715,False,"후보 문헌은 비휘발성 메모리 소자 및 제조 방법에 관한 것으로, 연구 아이디어에서 다루는 다공성 실리콘 내 임베디드 웨이브가이드 구조 제작과는 기술적인 문제 및 수단이 상이하다.",False,"후보 문헌은 비휘발성 메모리 소자의 게이트/전하저장층 구조에 관한 것으로, 다공성 실리콘 기반 광도파로 제작 및 광 가이딩 기술과는 기술 문제와 수단이 전혀 다르다."
2001.07239v1,photo,us_US20040048433A1,8,6.6715,False,"후보 문헌은 메모리 집적 회로 제조 방법으로, 연구 아이디어의 다공성 실리콘 내 웨이브가이드 구조 제작과는 기술 문제 및 수단이 상이함.",False,"후보 문헌은 메모리 집적회로 제조를 위한 트렌치 기반 소자 분리 공정을 다루며, 다공성 실리콘 기반 광도파로 제작이라는 연구 아이디어의 기술 문제나 수단과 무관하다."
2001.07239v1,photo,us_US20060281266A1,9,6.6715,False,"후보 문헌은 스페이서 기술을 이용한 식각 마스크 제어에 관한 것으로, 연구 아이디어에서 다루는 다공성 실리콘 내 웨이브가이드 구조 제작과는 기술적인 내용이 다르다.",False,"후보 문헌은 피치 배증 기법의 스페이서 형성 및 위치 제어에 관한 반도체 패터닝 기술로, 다공성 실리콘 내 도파관 구조 형성 및 광 가이딩과는 기술 문제와 수단이 전혀 다르다."
2001.07239v1,photo,kr_KR1020230089375A,10,6.4543,True,두 문서 모두 포토리소그래피 기술을 사용하여 기판에 패턴을 형성하고 식각 공정을 거치는 기술 수단을 다루고 있기 때문이다.,False,"후보 문헌은 Fe-Ni 합금 미세 메탈 마스크 제조를 위한 도금 및 식각 공정을 다루며, 다공성 실리콘 내 광도파로 구조 형성이라는 연구 아이디어의 기술 문제나 수단(기공 충전, 광가이딩)과 무관하다."
2211.10252v1,oxidation_diffusion,kr_1020090089522,1,19.5943,False,"후보 문헌은 불휘발성 메모리 소자 제조 방법에 관한 것으로, 연구 아이디어에서 다루는 SiO2-SiC 인터페이스의 특성 분석과는 기술적인 내용이 다르다.",False,"후보 문헌은 비휘발성 메모리 소자의 트렌치 소자분리 및 캡핑막 형성 공정에 관한 것으로, SiO2-SiC 계면 특성 및 뮤온 스핀 회전 분광법을 이용한 계면 결함 분석이라는 연구 아이디어의 기술 문제나 수단과 무관하다."
2211.10252v1,oxidation_diffusion,kr_KR1020170046093A,2,17.2471,False,"연구 아이디어는 SiO2-SiC 인터페이스의 결함 및 캐리어 농도 분석에 관한 반면, 후보 문헌은 게이트 구조와 도핑된 산화물 층을 포함하는 반도체 소자 자체에 관한 것으로, 다루는 기술 문제나 수단이 다르다.",False,"후보 문헌은 게이트 스택 및 스페이서 구조에 관한 반도체 소자 특허로, SiO2-SiC 계면의 결함 및 캐리어 농도를 LE-μSR로 분석하는 연구 아이디어와 기술 문제나 수단이 겹치지 않는다."
2211.10252v1,oxidation_diffusion,us_US20130221527A1,3,14.2708,False,"연구 아이디어는 SiO2-SiC 인터페이스의 구조적 변화와 전하 캐리어 농도 분석에 관한 것이고, 후보 문헌은 금속 배선 구조의 전자기적 이동 저항 및 저항에 관한 것으로 기술적인 문제와 수단이 다르다.",False,"후보 문헌은 인터커넥트 금속 캡 구조와 전기이동 저항에 관한 것으로, SiO2-SiC 계면 특성 분석이나 LE-μSR 기술과 관련이 없다."
2211.10252v1,oxidation_diffusion,us_US20050263829A1,4,13.9752,False,"The research idea focuses on characterizing the SiO2-SiC interface using muon spin rotation, investigating defects and carrier concentrations, while the candidate document describes phase change memory devices with an oxidation barrier layer, addressing a different technical problem and utilizing di",False,"후보 문헌은 상변화 메모리 소자 구조 및 제조방법에 관한 것으로, SiO2-SiC 계면 특성 및 μSR 분석과 관련된 기술 문제나 수단을 다루지 않는다."
2211.10252v1,oxidation_diffusion,us_US20080278990A1,5,13.9752,False,"The research idea focuses on characterizing the SiO2-SiC interface using muon spin rotation, investigating defects and carrier concentrations, while the candidate document describes resistive-switching memory elements with metal oxides, addressing a different technology and problem domain despite bo",False,후보 문헌은 저항변화 메모리 소자에 관한 것으로 SiO2-SiC 계면 특성 분석이나 LE-μSR을 이용한 계면 결함/캐리어 농도 연구와 기술 문제 및 수단이 전혀 겹치지 않는다.
2211.10252v1,oxidation_diffusion,us_US20040048157A1,6,13.7164,False,"연구 아이디어는 SiO2-SiC 인터페이스의 구조적 변화 및 전하 캐리어 농도 분석에 관한 반면, 후보 문헌은 리튬 바나듐 산화물 박막 배터리의 제조 및 사용에 관한 것으로, 기술적인 문제와 수단이 다르다.",False,"후보 문헌은 리튬 바나듐 산화물 박막 배터리에 관한 것으로, SiO2-SiC 계면 및 LE-µSR 분석과 기술적으로 무관하다."
2211.10252v1,oxidation_diffusion,us_US20130214234A1,7,13.322,False,"연구 아이디어는 SiO2-SiC 인터페이스의 구조적 변화 및 전하 캐리어 농도 분석에 관한 것이고, 후보 문헌은 저항 스위칭 소자 및 제조 방법에 관한 것으로 기술적인 문제와 수단이 다르다.",False,"후보 문헌은 저항성 스위칭 소자 구조에 관한 것으로 SiO2-SiC 계면 특성 분석이나 LE-μSR, NO 어닐링을 통한 계면 트랩 감소와 무관하다."
2211.10252v1,oxidation_diffusion,kr_1020230142437,8,13.2795,False,"후보 문헌은 산화갈륨-탄화규소 포토디텍터 제조 방법에 관한 것으로, 연구 아이디어의 SiO2-SiC 인터페이스 분석과는 기술적인 문제 및 수단이 다르다.",False,"후보 문헌은 산화갈륨-탄화규소 포토디텍터 제조 공정에 관한 것으로, SiO2-SiC 계면의 결함/전하 특성을 μSR로 분석하는 연구 아이디어와 기술적 문제나 수단이 겹치지 않는다."
2211.10252v1,oxidation_diffusion,us_US20080188011A1,9,13.1724,False,"The research idea focuses on characterizing the SiO2-SiC interface using muon spin rotation, while the candidate document describes an apparatus for temperature control during thick film material cleaving and implantation, addressing different technical problems and utilizing different methods.",False,"후보 문헌은 두꺼운 필름 재료의 벽개 공정 중 온도 제어 장치에 관한 것으로, SiO2-SiC 계면의 뮤온 스핀 회전 분광법을 이용한 계면 특성 분석이라는 연구 아이디어와 기술 문제 및 기술 수단이 전혀 겹치지 않는다."
2211.10252v1,oxidation_diffusion,us_US20030207540A1,10,13.1698,False,"연구 아이디어는 SiO2-SiC 인터페이스의 결함 및 캐리어 농도 변화를 LE-$μ$SR로 분석하는 반면, 후보 문헌은 LaAlO3 박막을 게이트 유전체로 사용하는 기술에 관한 것으로, 다루는 기술 문제나 수단이 다르다.",False,"후보 문헌은 ALD 기반 LaAlO3 게이트 유전체 형성 방법에 관한 것으로, SiO2-SiC 계면의 μSR 분석이나 NO 어닐링을 통한 계면 트랩 감소 연구와 기술 문제나 수단이 겹치지 않는다."
2501.07168v1,oxidation_diffusion,us_US20040048157A1,1,14.2515,False,"후보 문헌은 리튬-바나듐 산화막 박막 배터리에 관한 것으로, 연구 아이디어에서 다루는 고에너지 펄스 레이저 어닐링을 이용한 실리콘 다이오드의 누설 전류 문제와 기술적으로 관련이 없습니다.",False,"후보 문헌은 리튬 바나듐 산화물 박막 배터리에 관한 것으로, 실리콘 다이오드의 펄스 레이저 어닐링 및 누설전류와 전혀 다른 기술 분야와 문제를 다룬다."
2501.07168v1,oxidation_diffusion,kr_KR1020200133594A,2,13.1155,False,"후보 문헌은 산화갈륨 쇼트키 다이오드의 구조 및 제조 방법에 관한 것으로, 연구 아이디어에서 다루는 고에너지 펄스 레이저 어닐링에 의한 불순물 및 누설 전류 문제는 다루지 않습니다.",False,"이 문헌은 산화갈륨 쇼트키 다이오드의 도펀트 확산에 의한 장벽 높이 제어 구조에 관한 것으로, 실리콘 PLA 공정과 누설전류, 결함, DLTS 분석이라는 연구 아이디어의 핵심 기술 문제나 수단과 무관하다."
2501.07168v1,oxidation_diffusion,kr_KR1020170046093A,3,11.9429,False,"후보 문헌은 게이트 구조 및 도핑된 스페이서에 관한 것으로, 연구 아이디어인 고에너지 펄스 레이저 어닐링이 Si 다이오드의 누설 전류에 미치는 불순물 영향과는 기술적 내용이 다르다.",False,"후보 문헌은 게이트 스택 및 스페이서 도핑 구조에 관한 것으로, 펄스 레이저 어닐링에 의한 결함/불순물과 누설전류 문제를 다루는 연구 아이디어와 기술적 문제나 수단이 일치하지 않는다."
2501.07168v1,oxidation_diffusion,kr_KR100630437B1,4,11.9291,False,"후보 문헌은 유기물 저항 메모리 장치에 관한 것으로, 연구 아이디어의 Si 다이오드와 PLA를 통한 불순물 및 결함 제어 기술과는 다른 기술 분야 및 문제를 다룬다.",False,"후보 문헌은 폴리이미드 기반 유기물 저항 메모리 소자에 관한 것으로, 연구 아이디어의 실리콘 다이오드 펄스 레이저 어닐링 및 결함/불순물에 의한 누설전류 문제와 기술적 공통점이 없다."
2501.07168v1,oxidation_diffusion,us_US20070210296A1,5,11.1996,False,"후보 문헌은 상변화 메모리 전극 소재에 관한 것으로, 연구 아이디어에서 다루는 Si 다이오드의 고에너지 펄스 레이저 어닐링 시 불순물 및 누설 전류 문제와 기술적 관련성이 낮습니다.",False,"후보 문헌은 상변화 메모리 소자의 전극 재료 및 접착 구조에 관한 것으로, 연구 아이디어의 펄스 레이저 어닐링에 의한 실리콘 다이오드 누설전류 및 불순물/결함 영향과는 기술 문제와 수단이 전혀 다르다."
2501.07168v1,oxidation_diffusion,us_US20060034116A1,6,10.0636,False,"후보 문헌은 상변화 메모리 셀 구조에 대한 내용으로, 연구 아이디어에서 다루는 고에너지 펄스 레이저 어닐링이 Si 다이오드 누설 전류에 미치는 영향과는 기술적인 관련성이 낮습니다.",False,"후보 문헌은 상변화 메모리 셀 구조에 관한 것으로, 펄스 레이저 어닐링에 의한 불순물 및 누설전류 영향을 다루는 연구 아이디어와 기술 문제나 수단이 겹치지 않는다."
2501.07168v1,oxidation_diffusion,kr_KR1020010098415A,7,9.8439,False,"The research idea focuses on the impact of impurities on leakage current in Si diodes after laser annealing, while the candidate document describes precursor source mixtures for CVD/ALD film deposition, addressing a different technology and problem domain.",False,"후보 문헌은 CVD/ALD용 전구체 혼합물 조성에 관한 것으로, 레이저 열처리에 의한 실리콘 다이오드의 누설전류 및 불순물/결함 거동이라는 연구 아이디어의 기술 문제나 수단과 무관하다."
2501.07168v1,oxidation_diffusion,kr_KR1020080043173A,8,9.8439,False,"후보 문헌은 저항성 메모리 소자 제조에 관한 것으로, 연구 아이디어인 고에너지 펄스 레이저 어닐링이 Si 다이오드의 누설 전류에 미치는 영향과는 기술적인 내용과 다릅니다.",False,"후보 문헌은 저항성 메모리 소자 구조 및 제조 방법에 관한 것으로, 연구 아이디어의 펄스 레이저 어닐링, 불순물/결함, 누설전류 문제와 기술적 연관성이 없다."
2501.07168v1,oxidation_diffusion,kr_1020100068373,9,9.7669,False,"후보 문헌은 실리사이드 형성 공정 관련 RTA를 다루고 있어, 연구 아이디어에서 다루는 고에너지 펄스 레이저 어닐링(PLA)과 기술 수단 및 문제 영역이 다르다.",False,"RTA를 이용한 실리사이드 하부전극 형성 공정에 관한 것으로, 펄스 레이저 어닐링에 의한 결함/불순물 및 누설전류 문제를 다루는 연구 아이디어와 기술적 문제 및 수단이 상이하다."
2501.07168v1,oxidation_diffusion,us_US20130221527A1,10,9.5447,False,"후보 문헌은 금속 배선 구조와 관련된 내용으로, 연구 아이디어에서 다루는 고에너지 펄스 레이저 어닐링 시 불순물이 누설 전류에 미치는 영향과는 기술적인 관련성이 낮습니다.",False,"후보 문헌은 상호연결 구조의 금속 캡 및 전자이동 저항 개선 기술로, 펄스 레이저 어닐링에 의한 불순물/결함 및 누설전류 문제를 다루는 연구 아이디어와 기술적 문제나 수단이 겹치지 않는다."
2411.10777v2,oxidation_diffusion,us_US20130221527A1,1,14.2314,False,"후보 문헌은 금속 배선 구조와 관련된 내용으로, 연구 아이디어에서 다루는 SiC 에피레이어의 캐리어 수명 연장 기술과는 기술적인 문제 및 수단이 상이하다.",False,"후보 문헌은 금속 배선의 전기이동 저항 및 인터커넥트 구조에 관한 것으로, SiC 에피층의 소수캐리어 수명 향상을 위한 열산화 및 수소어닐링 기술과 기술적 문제나 수단이 전혀 겹치지 않는다."
2411.10777v2,oxidation_diffusion,kr_1020090089522,2,13.7762,False,"후보 문헌은 불휘발성 메모리 소자 제조 방법에 관한 것으로, 연구 아이디어에서 다루는 SiC 에피레이어의 캐리어 수명 연장 기술과는 기술적인 문제 및 수단이 상이하다.",False,"후보 문헌은 비휘발성 메모리 소자의 트렌치 소자분리 및 캡핑막 형성 공정에 관한 것으로, 4H-SiC 소수 캐리어 수명 향상을 위한 열산화 및 수소 어닐링 기술과는 기술 문제와 수단이 전혀 다르다."
2411.10777v2,oxidation_diffusion,us_US20050263829A1,3,12.4038,False,"후보 문헌은 상변화 메모리 소자 제조에 관한 내용으로, 연구 아이디어에서 다루는 SiC 에피레이어의 캐리어 수명 연장 기술과는 기술적 내용 및 해결하고자 하는 문제가 다르다.",False,"후보 문헌은 상변화 메모리 소자 구조 및 제조 방법에 관한 것으로, 4H-SiC 에피레이어의 소수 캐리어 수명 향상을 위한 열산화 및 수소 어닐링 기술과 기술 문제나 수단이 전혀 겹치지 않는다."
2411.10777v2,oxidation_diffusion,us_US20080278990A1,4,10.9801,False,"후보 문헌은 저항 스위칭 메모리 소자에 관한 것으로, 연구 아이디어에서 다루는 SiC 에피레이어의 캐리어 수명 연장 기술과는 기술적 내용 및 해결하고자 하는 문제가 다르다.",False,"후보 문헌은 저항변화 메모리 소자 구조에 관한 것으로, 4H-SiC 에피층의 캐리어 수명 및 결함 제어를 다루는 연구 아이디어와 기술 문제나 수단이 겹치지 않는다."
2411.10777v2,oxidation_diffusion,kr_1020230142437,5,10.5326,False,"후보 문헌은 산화갈륨-탄화규소 포토디텍터 제조 방법에 관한 것으로, 연구 아이디어에서 다루는 4H-SiC 에피레이어의 소수 캐리어 수명 연장과는 기술적 내용이 다르다.",False,"후보 문헌은 산화갈륨-SiC 포토디텍터 제조 및 산소 공공 감소를 다루며, 연구 아이디어의 P형 4H-SiC 에피층 소수캐리어 수명 향상을 위한 열산화 및 수소 어닐링을 통한 탄소 공공 제거 기술과는 대상 결함, 재료 시스템, 공정 목적이 모두 달라 선행기술 검토 대상으로 보기 어렵다."
2411.10777v2,oxidation_diffusion,kr_KR1020170046093A,6,10.4029,False,"후보 문헌은 게이트 구조와 관련된 반도체 소자 제조 기술을 다루고 있으며, 연구 아이디어는 SiC 에피레이어의 캐리어 수명 연장 기술을 다루므로, 기술적인 내용이 서로 다르다.",False,"후보 문헌은 게이트 스택 및 스페이서 구조에 관한 것으로, SiC 에피층의 캐리어 수명 향상을 위한 열산화 및 수소 어닐링 기술과 무관하다."
2411.10777v2,oxidation_diffusion,us_US20040048157A1,7,10.2744,False,"후보 문헌은 리튬-바나듐 산화막 박막 배터리에 관한 것으로, 연구 아이디어인 SiC 에피레이어의 소수 캐리어 수명 연장에 대한 기술 문제나 기술 수단을 다루지 않습니다.",False,후보 문헌은 리튬 박막전지 기술로 4H-SiC 캐리어 수명 및 결함 제어와 전혀 무관하다.
2411.10777v2,oxidation_diffusion,us_US7153743B2,8,10.2445,False,"후보 문헌은 비휘발성 메모리 소자 제조 방법에 관한 것으로, 연구 아이디어에서 다루는 SiC 에피레이어의 캐리어 수명 연장 기술과는 기술적인 내용이 상이하다.",False,"후보 문헌은 비휘발성 메모리 소자의 제어 게이트 패턴 및 트렌치 식각 공정에 관한 것으로, 4H-SiC 에피층의 탄소 공극 결함 및 소수 캐리어 수명 개선이라는 연구 아이디어의 기술 문제나 수단과 무관하다."
2411.10777v2,oxidation_diffusion,kr_KR1020160093551A,9,9.9261,False,"후보 문헌은 3D 소자 제작을 위한 박막 증착 방법에 관한 것으로, SiC의 캐리어 수명 연장과는 직접적인 관련이 없습니다. 기술적인 수단이나 해결하려는 문제가 다릅니다.",False,"후보 문헌은 3D NAND용 산화규소/질화규소 박막 증착 전구체 및 CVD/ALD 공정에 관한 것으로, 4H-SiC 에피레이어의 탄소공극 결함 및 소수캐리어 수명 향상을 다루는 연구 아이디어와 기술 문제 및 수단이 전혀 겹치지 않는다."
2411.10777v2,oxidation_diffusion,kr_KR1020060120974A,10,9.3686,False,"후보 문헌은 플래시 메모리 소자 제조 방법에 관한 것으로, 연구 아이디어인 SiC 에피레이어의 소수 캐리어 수명 연장에 대한 기술과는 다른 기술 문제를 다룬다.",False,"후보 문헌은 플래시 메모리 소자의 플로팅 게이트 제조 공정에 관한 것으로, 4H-SiC 에피층의 캐리어 수명 향상을 위한 열산화 및 수소 어닐링 기술과는 기술 분야, 문제, 수단이 전혀 관련이 없다."
2202.01777v3,oxidation_diffusion,kr_KR1020170046093A,1,14.9785,False,"후보 문헌은 게이트 구조물과 도핑된 스페이서에 관한 내용으로, 연구 아이디어에서 다루는 focused ion beam을 이용한 산화물 반도체의 캐리어 밀도 및 상전이 조절과는 기술적 내용이 다르다.",False,"후보 문헌은 게이트 스택 및 스페이서 도핑 구조에 관한 반도체 소자 특허로, FIB를 이용한 산화물 반도체의 캐리어 밀도 조절이나 상전이 조작이라는 연구 아이디어의 기술 문제나 수단과 무관하다."
2202.01777v3,oxidation_diffusion,kr_1020230142437,2,14.4491,False,"본 연구 아이디어는 FIB를 이용한 산화물 반도체의 캐리어 밀도 및 상전이 조절에 관한 것이고, 후보 문헌은 산화갈륨-탄화규소 포토디텍터 제조 방법에 관한 것으로, 기술 수단과 다루는 소재가 다르므로 선행기술 검토 대상으로 보기 어렵다.",False,"후보 문헌은 산화갈륨-탄화규소 포토디텍터를 RF-스퍼터와 산소 열처리로 제작하는 방법에 관한 것으로, FIB를 이용한 산화물 반도체의 캐리어 농도 및 상전이 조절이라는 연구 아이디어의 기술 수단이나 문제와 직접적인 관련이 없다."
2202.01777v3,oxidation_diffusion,us_US20040048157A1,3,13.7164,False,"The research idea focuses on modifying oxide semiconductors with FIB to tune carrier density and phase transitions, while the document describes a lithium vanadium oxide thin-film battery, addressing a different application and not the same technical problem or means.",False,"후보 문헌은 리튬 바나듐 산화물 박막 배터리 제조에 관한 것으로, FIB를 이용한 산화물 반도체의 캐리어 농도 및 상전이 조절이라는 연구 아이디어의 기술 문제나 수단과 무관하다."
2202.01777v3,oxidation_diffusion,us_US20090194876A1,4,12.916,False,"후보 문헌은 Cu/Low-k 배선 구조에 관한 것으로, 연구 아이디어의 산화물 반도체 캐리어 농도 조절 및 상전이 기술과는 기술적 내용 및 해결하려는 문제가 다르다.",False,"후보 문헌은 Cu/저유전율 절연체 상호연결 구조 및 제조 방법에 관한 것으로, FIB를 이용한 산화물 반도체의 캐리어 밀도 및 상전이 조정이라는 연구 아이디어의 기술 문제나 수단과 무관하다."
2202.01777v3,oxidation_diffusion,us_US20050263829A1,5,12.6873,False,"후보 문헌은 상변화 메모리 소자 제조에 관한 것으로, 연구 아이디어에서 다루는 산화물 반도체의 캐리어 밀도 조절 및 상전이 제어와 기술적 내용이 다르다.",False,"후보 문헌은 상변화 메모리 소자의 산화 방지층 및 구조적 제조 방법을 다루며, FIB를 이용한 산화물 반도체의 캐리어 밀도 조절이나 광학적 특성 변화라는 연구 아이디어의 기술 문제나 수단과 무관하다."
2202.01777v3,oxidation_diffusion,us_US20130168666A1,6,11.5943,False,"후보 문헌은 일반적인 반도체 소자 구조 및 제조 방법에 관한 것으로, 연구 아이디어에서 다루는 focused ion beam을 이용한 산화물 반도체의 캐리어 밀도 및 상전이 조절과는 기술적 내용이 다르다.",False,"후보 문헌은 일반적인 트랜지스터 소자 구조와 제조 방법을 다루며, FIB를 이용한 산화물 반도체의 캐리어 농도 조절이나 상전이 제어라는 연구 아이디어의 기술 문제나 수단과 무관하다."
2202.01777v3,oxidation_diffusion,kr_KR1020050029693A,7,11.394,False,"후보 문헌은 불휘발성 메모리 소자 구조에 관한 것으로, 연구 아이디어인 산화물 반도체 내 캐리어 밀도 및 상전이 조절과는 기술적인 내용이 상이하다.",False,"후보 문헌은 플래시 메모리의 부유게이트/제어게이트 구조에 관한 것으로, FIB를 이용한 산화물 반도체의 캐리어 밀도 및 상전이 조정이라는 연구 아이디어의 기술 문제나 수단과 무관하다."
2202.01777v3,oxidation_diffusion,us_US20070072439A1,8,11.3182,True,"Both address the use of zinc oxide as an oxide semiconductor and explore methods to modify its properties, though the candidate document focuses on crystallization for TFTs while the research idea focuses on carrier density tuning with FIB.",False,"후보 문헌은 산화물 반도체 박막트랜지스터의 소자 구조 및 제조 공정에 관한 것으로, FIB를 이용한 캐리어 밀도 조절이나 상전이 조작이라는 연구 아이디어의 핵심 기술 수단과 무관하다."
2202.01777v3,oxidation_diffusion,kr_1020090005381,9,10.9452,False,"후보 문헌은 전이금속 실리사이드 나노 결정화 기반 메모리 소자 제조에 관한 것으로, 연구 아이디어의 산화물 반도체 캐리어 밀도 조절 및 상전이 제어와 기술적 관련성이 낮다.",False,"후보 문헌은 전이금속 실리사이드 나노결정 메모리 소자 제조에 관한 것으로, FIB를 이용한 산화물 반도체의 캐리어 밀도 및 상전이 조절이라는 연구 아이디어의 기술 문제나 수단과 무관하다."
2202.01777v3,oxidation_diffusion,kr_1020100078538,10,10.6215,True,"두 기술 모두 이온 빔을 사용하여 산화물 반도체의 특성을 제어하고, 특히 이온 주입과 어닐링을 통해 물질의 전기적 특성을 변화시키는 공통점을 가지고 있기 때문이다.",False,"이온주입과 어닐링을 이용한 절연층 제조라는 점에서 공정 요소는 유사하지만, FIB를 이용한 산화물 반도체의 국소적 광학적 특성 및 상전이 온도 조절이라는 연구 아이디어의 핵심 기술 문제와는 무관한 비휘발성 메모리 터널 절연층 제조 기술이다."
0501298v2,oxidation_diffusion,us_US20130221527A1,1,11.6849,False,"후보 문헌은 전선 구조와 금속 캡핑에 관한 것으로, 연구 아이디어의 자성 반도체 이종 구조의 퀴리 온도 조절과는 기술적 내용이 다르다.",False,"후보 문헌은 금속 상호연결 구조의 전기이동 저항성 개선에 관한 것으로, (Ga,Mn)As 강자성 반도체의 큐리온도 조절이나 나노패터닝을 통한 어닐링 효과와는 기술적 문제와 수단이 전혀 다르다."
0501298v2,oxidation_diffusion,kr_KR1020170046093A,2,10.6378,False,"후보 문헌은 게이트 구조와 도핑된 스페이서에 관한 것으로, 연구 아이디어의 자성 반도체 이종구조의 퀴리 온도 조절과는 기술적 내용이 다르다.",False,"후보 문헌은 CMOS 게이트 구조물의 도핑된 일함수 금속 스택에 관한 것으로, (Ga,Mn)As 강자성 반도체의 큐리온도 및 나노패터닝을 통한 어닐링 효과와는 기술 문제나 수단이 전혀 다르다."
0501298v2,oxidation_diffusion,kr_1020230142437,3,10.1155,False,"후보 문헌은 산화 갈륨-탄화 규소 포토디텍터 제조 방법에 관한 것으로, 연구 아이디어의 자성 반도체 이종구조의 퀴리 온도 조절과는 기술적인 내용과 해결하려는 문제가 다르다.",False,"후보 문헌은 산화갈륨-탄화규소 포토디텍터 제조 공정을 다루며, (Ga,Mn)As 강자성 반도체의 나노패터닝을 통한 큐리온도 조절이라는 연구 아이디어의 기술 문제나 수단과 무관하다."
0501298v2,oxidation_diffusion,kr_1020090089522,4,9.7261,False,"후보 문헌은 불휘발성 메모리 소자 제조 방법에 관한 것으로, 연구 아이디어의 자성 반도체 이종구조의 퀴리 온도 조절과는 기술적인 문제 및 수단이 다르다.",False,"후보 문헌은 비휘발성 메모리 소자의 플로팅 게이트 및 소자분리 공정에 관한 것으로, (Ga,Mn)As 강자성 반도체의 퀴리온도 조절이나 나노패터닝을 통한 어닐링 효과와는 기술 문제와 수단이 전혀 다르다."
0501298v2,oxidation_diffusion,kr_KR1020200133594A,5,9.5447,False,"후보 문헌은 산화갈륨 기반 쇼트키 다이오드에 관한 것으로, 연구 아이디어의 강자성 반도체 이종구조의 퀴리 온도 조절과는 기술적 내용 및 다루는 문제가 다르다.",False,"후보 문헌은 산화갈륨 쇼트키 다이오드의 도펀트 확산 구조에 관한 것으로, (Ga,Mn)As 강자성 반도체의 나노패터닝을 통한 퀴리온도 조절이라는 연구 아이디어와 기술 문제 및 수단이 전혀 다르다."
0501298v2,oxidation_diffusion,us_US20040048157A1,6,9.3757,False,"연구 아이디어는 자성 반도체 헤테로구조의 퀴리 온도 조절에 관한 것이고, 후보 문헌은 리튬 바나듐 산화물 박막 배터리에 관한 것으로 기술 분야와 해결하려는 문제가 완전히 다르다.",False,"후보 문헌은 리튬 바나듐 산화물 박막 배터리에 관한 것으로, (Ga,Mn)As 강자성 반도체의 퀴리 온도 조작이나 나노패터닝을 통한 결함 제거와 전혀 다른 기술 분야와 문제를 다룬다."
0501298v2,oxidation_diffusion,kr_1020090005381,7,9.2849,False,"후보 문헌은 전이금속 실리사이드 나노 결정화 기반 메모리 소자 제조 방법에 관한 것으로, 연구 아이디어의 강자성 반도체 헤테로구조의 퀴리 온도 조절과는 기술적인 문제 및 수단이 다르다.",False,"후보 문헌은 메모리 소자의 전이금속 실리사이드막 나노결정화 공정에 관한 것으로, (Ga,Mn)As 강자성 반도체의 퀴리온도 조절이나 어닐링을 통한 Mn 간극원자 제거와는 기술 문제와 수단이 다르다."
0501298v2,oxidation_diffusion,kr_KR100630437B1,8,9.1935,False,"후보 문헌은 유기물 저항 메모리 장치에 관한 것으로, 연구 아이디어의 강자성 반도체 이종 구조의 퀴리 온도 조절과는 기술적인 문제 및 수단이 다르다.",False,"후보 문헌은 유기물 저항 메모리 소자에 관한 것으로, 강자성 반도체의 큐리 온도 및 나노패터닝을 통한 어닐링 제어를 다루는 연구 아이디어와 기술 문제 및 기술 수단이 전혀 겹치지 않는다."
0501298v2,oxidation_diffusion,kr_KR1020080010623A,9,8.633,False,"후보 문헌은 비휘발성 메모리 소자에 관한 것으로, 연구 아이디어의 강자성 반도체 이종구조의 퀴리 온도 조절과는 기술적인 문제와 수단이 다르다.",False,"후보 문헌은 전하 트랩 비휘발성 메모리 소자 구조에 관한 것으로, (Ga,Mn)As 강자성 반도체의 큐리온도 및 나노패터닝을 통한 어닐링 효과와는 기술 문제와 수단이 전혀 다르다."
0501298v2,oxidation_diffusion,kr_KR1020080104588A,10,8.633,False,"후보 문헌은 ZnO 박막 트랜지스터의 제조방법에 관한 것으로, 연구 아이디어의 (Ga,Mn)As 반도체 이종구조의 큐리 온도 조절과는 기술 분야 및 다루는 문제가 다르다.",False,"후보 문헌은 ZnO 박막 트랜지스터 채널의 산소 어닐링을 통한 캐리어 농도 제어에 관한 것으로, (Ga,Mn)As 강자성 반도체의 나노패터닝을 통한 Mn 인터스티셜 제거 및 큐리온도 제어와는 기술 문제와 수단이 다르다."
1704.02495v2,oxidation_diffusion,kr_1020090005381,1,9.4743,False,"후보 문헌은 메모리 소자 제조 방법에 관한 것으로, 연구 아이디어에서 다루는 Ni1.5Fe1.5O4 스피넬 페라이트의 전기 전도도 및 유전 특성 제어와는 기술적인 내용이 다르다.",False,"후보 문헌은 반도체 메모리 소자의 실리사이드 나노결정화 제조 공정을 다루며, 연구 아이디어의 스피넬 페라이트 소재의 전기전도도 및 유전특성 제어와는 기술적 문제와 수단이 전혀 다르다."
1704.02495v2,oxidation_diffusion,us_US20130221527A1,2,9.364,False,"연구 아이디어는 스피넬 페라이트의 전기적/유전적 특성 제어에 관한 것이고, 후보 문헌은 금속 배선 구조의 내이동도 및 저저항성에 관한 것으로, 다루는 기술 문제와 수단이 다르다.",False,"후보 문헌은 반도체 인터커넥트 구조 및 전기이동 저항성에 관한 것으로, 스피넬 페라이트의 전기전도성 및 유전특성 제어라는 연구 아이디어의 기술 문제나 수단과 무관하다."
1704.02495v2,oxidation_diffusion,kr_1020100068373,3,8.6512,False,"후보 문헌은 반도체 소자 제조 방법에 관한 것으로, 연구 아이디어에서 다루는 Ni1.5Fe1.5O4 스피넬 페라이트의 전기 전도도 및 유전 특성 제어와는 기술적 내용이 다르다.",False,"후보 문헌은 반도체 소자의 실리사이드 형성을 위한 RTA 공정을 다루는 제조 공정 특허로, 페라이트 소재의 전기적/유전적 특성 및 전도 메커니즘 연구와는 기술 문제와 수단이 전혀 다르다."
1704.02495v2,oxidation_diffusion,kr_KR1020160093551A,4,8.6512,False,"후보 문헌은 3D 소자 제작을 위한 박막 증착 기술에 관한 것으로, 연구 아이디어인 Ni1.5Fe1.5O4 스핀넬 페라이트의 전기적, 유전적 특성에 대한 열처리 효과와는 기술적 내용이 상이하다.",False,"후보 문헌은 3D NAND 소자용 실리콘 함유 박막 증착 공정 및 전구체에 관한 것으로, Ni-Fe 스피넬 페라이트의 전기전도도 및 유전 특성 연구와는 기술 분야와 수단이 전혀 다르다."
1704.02495v2,oxidation_diffusion,kr_KR1020170046093A,5,8.0816,False,"후보 문헌은 게이트 구조물 및 반도체 소자 제조에 관한 것으로, 연구 아이디어인 Ni1.5Fe1.5O4 스핀넬 페라이트의 전기적, 유전적 특성 연구와 기술적인 관련성이 낮습니다.",False,"후보 문헌은 게이트 스택 및 스페이서 구조를 다루는 반도체 소자 형성 기술이며, 연구 아이디어인 스피넬 페라이트의 전기전도성 및 유전 특성에 관한 재료 과학적 문제와는 기술 분야와 수단이 전혀 다르다."
1704.02495v2,oxidation_diffusion,kr_KR1020200133594A,6,8.0816,False,"연구 아이디어는 스피넬 페라이트의 전기적, 유전적 특성 변화에 대한 연구이고, 후보 문헌은 산화갈륨 기반 쇼트키 다이오드에 관한 것이므로 기술 분야와 다룬 내용이 다르다.",False,"후보 문헌은 산화갈륨 기반 쇼트키 다이오드 소자 구조에 관한 것으로, 연구 아이디어의 스피넬 페라이트 소재의 어닐링에 따른 전기전도 및 유전 특성 연구와 기술 문제나 수단이 겹치지 않는다."
1704.02495v2,oxidation_diffusion,kr_1020090005638,7,7.7753,False,"후보 문헌은 정보 기록을 위한 반도체 장치의 구조 및 재료에 관한 것으로, 연구 아이디어에서 다루는 스피넬 페라이트의 전기적, 유전적 특성 제어와는 기술적 내용이 상이하다.",False,"후보 문헌은 저항변화 메모리 소자의 다층 기록층 구조 및 제조방법에 관한 것으로, Ni-Fe 스피넬 페라이트의 어닐링에 따른 전기전도도 및 유전특성 메커니즘 연구와는 기술 문제와 수단이 전혀 다르다."
1704.02495v2,oxidation_diffusion,kr_1020090089522,8,7.7753,False,"후보 문헌은 불휘발성 메모리 소자 제조 방법에 관한 것으로, 연구 아이디어에서 다루는 Ni1.5Fe1.5O4 스피넬 페라이트의 전기 전도도 및 유전 특성 제어와 기술적 관련성이 낮습니다.",False,"후보 문헌은 비휘발성 메모리 소자 제조 공정에 관한 것으로, Ni-Fe 스피넬 페라이트의 전기전도 및 유전 특성 연구와 기술 문제나 수단이 전혀 겹치지 않는다."
1704.02495v2,oxidation_diffusion,kr_1020100078538,9,7.7753,False,"후보 문헌은 비휘발성 메모리 소자 제조에 관한 것으로, 연구 아이디어의 Ni1.5Fe1.5O4 스피넬 페라이트의 전기적/유전적 특성 제어와 기술적 문제가 다르다.",False,"후보 문헌은 비휘발성 메모리 소자의 터널 절연층 제조 공정에 관한 것으로, 스피넬 페라이트의 전기전도 및 유전특성 연구와 기술 문제나 수단이 전혀 겹치지 않는다."
1704.02495v2,oxidation_diffusion,kr_KR1020060106255A,10,7.7753,True,"두 문서 모두 어닐링(annealing) 공정을 사용하여 재료의 전기적 특성을 개선하는 방법을 다루고 있으며, 이는 동일한 기술 수단으로 간주될 수 있다.",False,"후보 문헌은 비휘발성 메모리 셀의 터널 산화막 질화 및 어닐링 공정에 관한 것으로, Ni-Fe 스피넬 페라이트의 전기적·유전적 특성과 어닐링 온도 영향을 다루는 연구 아이디어와 기술 분야 및 수단이 전혀 다르다."
2302.14394v2,oxidation_diffusion,kr_KR1020170046093A,1,13.6734,False,"연구 아이디어는 2D tellurene 박막의 박층화 및 광학적 특성 연구에 관한 것이고, 후보 문헌은 게이트 구조물과 반도체 소자 제조 방법에 관한 것이므로 기술 분야와 다룬 내용이 달라 선행기술 검토 대상으로 보기 어렵다.",False,"후보 문헌은 게이트 스택 구조 및 도핑된 스페이서를 다루는 반도체 소자 제조 기술로, 텔루렌 박막화 및 TeO2의 광학적 특성을 다루는 연구 아이디어와 기술 문제나 수단이 겹치지 않는다."
2302.14394v2,oxidation_diffusion,us_US20040048157A1,2,12.4113,False,"연구 아이디어는 텔루렌 박막의 박층화 및 광발광 특성 연구에 관한 것이고, 후보 문헌은 리튬 바나듐 산화물 박막 배터리에 관한 것이므로 기술적인 내용이 다르다.",False,"리튬 바나듐 산화물 박막 배터리 소재/구조에 관한 문헌으로, 텔루렌 박막화 및 TeO2 광학적 특성 연구와 기술적 문제나 수단이 겹치지 않는다."
2302.14394v2,oxidation_diffusion,us_US20070072439A1,3,11.3182,False,"The research idea focuses on tellurene layer thinning and the properties of tellurene oxide, while the candidate document describes a thin film transistor using zinc oxide, addressing different materials and technical problems.",False,"후보 문헌은 산화아연 기반 박막 트랜지스터 제조 공정에 관한 것으로, 텔루렌 박막 두께 조절 및 TeO2의 광학적 여기자 특성을 다루는 연구 아이디어와 기술적 문제나 수단이 겹치지 않는다."
2302.14394v2,oxidation_diffusion,kr_1020090005381,4,10.9452,False,"후보 문헌은 메모리 소자 제조 방법에 관한 것으로, 연구 아이디어에서 다루는 tellurene 박막 박형화 및 광발광 특성 연구와 기술적인 연관성이 없습니다.",False,"후보 문헌은 전이금속 실리사이드 나노결정 메모리 소자 제조에 관한 것으로, 텔루렌 박막화 및 TeO2 형성과 발광 특성을 다루는 연구 아이디어와 기술 문제나 수단이 겹치지 않는다."
2302.14394v2,oxidation_diffusion,kr_1020100078538,5,10.6215,False,"후보 문헌은 터널 절연층과 비휘발성 메모리 소자 제조에 관한 것으로, 연구 아이디어에서 다루는 tellurene 박막 박화 및 광발광 특성 연구와 기술적인 연관성이 없습니다.",False,"후보 문헌은 이온주입 및 어닐링을 이용한 터널 절연층/비휘발성 메모리 제조에 관한 것으로, 텔루렌 박막화 및 TeO2의 광학적 특성(PL, 엑시톤 결합에너지) 연구와는 기술 문제와 수단이 다르다."
2302.14394v2,oxidation_diffusion,kr_KR1020050029693A,6,10.0889,False,"The research idea focuses on the layer thinning of tellurene and its optical properties, while the candidate document describes a non-volatile semiconductor memory device with a different structure and functionality, thus addressing different technical problems.",False,"후보 문헌은 플로팅 게이트 기반 비휘발성 메모리 소자 구조에 관한 것으로, 텔루렌 박막화 및 TeO2 광발광 특성을 다루는 연구 아이디어와 기술 문제나 기술 수단이 겹치지 않는다."
2302.14394v2,oxidation_diffusion,kr_KR1020200133594A,7,9.5447,False,"후보 문헌은 산화갈륨 기반 쇼트키 다이오드에 관한 것으로, 연구 아이디어인 텔루렌 박막 박형화 및 광발광 특성 연구와 기술적인 관련성이 없습니다.",False,"후보 문헌은 산화갈륨 기반 쇼트키 다이오드 소자 구조에 관한 것으로, 텔루렌 박막화 및 TeO2 광발광/엑시톤 특성을 다루는 연구 아이디어와 기술 문제나 수단이 겹치지 않는다."
2302.14394v2,oxidation_diffusion,us_US20130221527A1,8,9.5447,False,"The research idea focuses on tellurene layer thinning and optoelectronic properties, while the candidate document describes metallic interconnect structures and electromigration resistance, addressing completely different technical problems and utilizing different materials and methods.",False,"후보 문헌은 금속 상호연결 구조 및 전기이동 저항에 관한 반도체 공정 기술로, 텔루렌 박막화 및 TeO2의 광학적 특성을 다루는 연구 아이디어와 기술 문제나 수단이 겹치지 않는다."
2302.14394v2,oxidation_diffusion,kr_1020230142437,9,9.5284,False,"후보 문헌은 산화갈륨-탄화규소 포토디텍터 제조 방법에 관한 것으로, 연구 아이디어에서 다루는 tellurene 박막 박층화 및 광발광 특성 연구와 기술적 내용 및 문제 해결 방식이 다르다.",False,"후보 문헌은 산화갈륨-탄화규소 포토디텍터 제조 공정에 관한 것으로, 텔루렌 박막 열산화 및 TeO2 형성과 광발광 특성을 다루는 연구 아이디어와 기술적 문제나 수단이 겹치지 않는다."
2302.14394v2,oxidation_diffusion,kr_KR1020080104588A,10,9.5284,False,"후보 문헌은 ZnO 박막 트랜지스터 제조에 관한 것으로, 연구 아이디어인 tellurene 박막의 박리 및 열처리 공정과 기술적 내용이 다르므로 선행기술 검토 대상으로 보기 어렵다.",False,"ZnO 박막 트랜지스터 제조 및 계면 산소 열처리 기술로, 텔루렌 박리·두께 조절 및 TeO2 광학적 특성(발광, 엑시톤 결합에너지) 연구와는 재료계와 기술 문제가 다르다."
1808.08303v1,oxidation_diffusion,us_US20130214234A1,1,11.5688,False,"후보 문헌은 저항 스위칭 소자 구조에 관한 것으로, 연구 아이디어에서 다루는 MoS2 FET의 고유전체 절연막과는 기술적 내용 및 해결하려는 문제가 다르다.",False,"후보 문헌은 저항 스위칭 소자(솔리드 일렉트로라이트 기반)의 구조에 관한 것으로, MoS2 FET용 고유전율 게이트 유전체로서 2D TaS2의 열산화를 다루는 연구 아이디어와 기술 문제나 수단이 겹치지 않는다."
1808.08303v1,oxidation_diffusion,us_US20050155296A1,2,9.4896,False,"후보 문헌은 화학적 기계 연마(CMP) 공정에 사용되는 연마재 조성물에 관한 것으로, 연구 아이디어에서 다루는 2D TaS2의 열 산화 및 MoS2 FET의 고유전체 게이트 유전체 적용과는 기술적 내용이 다르다.",False,"CMP 연마용 콜로이드 조성물에 관한 것으로, 2D TaS2 열산화를 통한 고유전율 게이트 유전체 및 MoS2 FET 제작이라는 기술 문제나 수단과 무관하다."
1808.08303v1,oxidation_diffusion,us_US20130221527A1,3,9.0604,False,"후보 문헌은 금속 배선 구조의 전자기적 이동 저항 및 저항률에 관한 내용으로, 연구 아이디어의 2차원 물질 기반 고유전체 게이트 유전체와 기술적 관련성이 없습니다.",False,"후보 문헌은 금속 캡을 이용한 배선(interconnect) 구조와 전기이동 저항에 관한 것으로, MoS2 FET용 열산화 TaS2 고유전율 게이트 절연막 연구와 기술 문제 및 수단이 전혀 다르다."
1808.08303v1,oxidation_diffusion,kr_KR1020200000664A,4,8.4066,False,"후보 문헌은 수직형 비휘발성 메모리 소자에 대한 것으로, 연구 아이디어인 MoS2 FET의 고유전체 절연막에 대한 기술과는 다른 기술 문제를 다룬다.",False,"후보 문헌은 수직형 비휘발성 메모리의 다결정질 금속 산화물 채널층과 전하 포획 구조를 다루며, 연구 아이디어의 2D TaS2 열산화를 통한 고유전율 게이트 절연막 형성 및 MoS2 FET 응용과는 기술적 문제와 수단이 다르다."
1808.08303v1,oxidation_diffusion,us_US20120280386A1,5,8.1845,False,"후보 문헌은 패키징 기술에 관한 것으로, 연구 아이디어의 2D 재료 기반 고유전체 게이트 절연막과는 기술적 관련성이 낮습니다.",False,"후보 문헌은 패키지온패키지 와이어본드 조립 기술로, MoS2 FET의 열산화 TaS2 게이트 유전체 소재/공정과는 기술 문제와 수단이 전혀 다르다."
1808.08303v1,oxidation_diffusion,kr_KR1020060024189A,6,7.8144,True,"두 문서 모두 미세 전자 소자를 위한 고유전율 유전체막을 다루고 있으며, 특히 다층 구조를 통해 유전 특성을 개선하려는 공통점을 가짐.",False,"후보 문헌은 실리케이트 기반 다층 고유전율 유전체막 제조에 관한 것으로, 2D TaS2의 열산화를 통한 Ta2O5 형성 및 MoS2 FET 게이트 유전체 적용이라는 연구 아이디어의 핵심 기술 수단과 직접적인 관련이 없다."
1808.08303v1,oxidation_diffusion,us_US20050263829A1,7,7.8144,False,"후보 문헌은 상변화 메모리 소자 제조에 관한 내용으로, 연구 아이디어에서 다루는 MoS2 FET의 고유전체 절연막 기술과는 기술적 내용 및 해결하고자 하는 문제가 다르다.",False,"후보 문헌은 상변화 메모리 셀 소자 구조에 관한 것으로, 2D TaS2 열산화를 통한 고유전율 게이트 절연막 및 MoS2 FET와 기술 문제나 수단이 전혀 무관하다."
1808.08303v1,oxidation_diffusion,kr_KR100630437B1,8,7.5556,False,"후보 문헌은 유기물 저항 메모리 장치에 관한 것으로, 연구 아이디어의 2D TaS2 기반 고유전체 게이트 유전체와 기술적 관련성이 낮습니다.",False,"후보 문헌은 폴리이미드 기반 저항 메모리 소자에 관한 것으로, MoS2 FET용 고유전율 게이트 절연체 형성(TaS2 열산화)이라는 연구 아이디어의 기술 문제나 수단과 무관하다."
1808.08303v1,oxidation_diffusion,kr_KR1020010098415A,9,7.5556,False,"후보 문헌은 CVD/ALD 전구체 혼합물에 대한 일반적인 설명으로, 특정 게이트 유전체 물질(Ta2O5)이나 소자 구조(MoS2 FET)를 다루지 않아 연구 아이디어와 직접적인 관련이 없습니다.",False,"후보 문헌은 CVD/ALD용 일반 전구체 소스 혼합물 조성에 관한 것으로, 2D TaS2의 열산화를 통한 고유전율 게이트 유전체 형성 및 MoS2 FET 적용이라는 연구 아이디어의 기술 문제나 수단과 직접적 관련성이 없다."
1808.08303v1,oxidation_diffusion,kr_KR1020050029693A,10,7.5556,False,"후보 문헌은 불휘발성 메모리 소자 구조에 관한 것으로, 연구 아이디어인 MoS2 FET의 고유전체 절연막과는 기술적 내용 및 적용 분야가 다르다.",False,"후보 문헌은 플로팅 게이트 비휘발성 메모리의 게이트 구조 특허로, 2D TaS2 열산화 기반 고유전율 게이트 절연막이나 MoS2 FET와는 기술 문제 및 수단이 무관하다."
1804.03302v1,memory,kr_KR1020050029693A,1,12.4319,True,"Both describe non-volatile memory utilizing charge trapping in a gate structure, addressing resistance modulation via electronic means, even though the specific implementations (nanometallic vs. floating gate) differ.",False,"후보 문헌은 전통적인 플로팅 게이트 비휘발성 메모리의 구조적 형상 설계를 다루며, 연구 아이디어의 핵심인 전자적 트래핑/디트래핑 기반 나노금속 ReRAM 저항 스위칭 메커니즘과는 기술 문제 및 수단이 다르다."
1804.03302v1,memory,kr_KR1020060134563A,2,11.1942,True,"두 문서 모두 저항 메모리 소자(ReRAM)의 제조 방법 및 동작 메커니즘을 다루고 있으며, 특히 절연체 박막을 이용한 저항 변화를 통해 메모리 소자를 구현하는 기술 문제를 공유한다.",False,"후보 문헌은 이온 이동/필라멘트 형성 기반의 산화물 저항 메모리 제조공정에 관한 것으로, 연구 아이디어가 다루는 전자 트래핑/디트래핑 기반의 순수 전자적 나노메탈릭 ReRAM 메커니즘과는 기술적 수단이 다르며, 오히려 아이디어에서 대비 대상으로 언급된 이온 기반 방식에 해당한다."
1804.03302v1,memory,kr_1020120111603,3,10.1398,True,"두 문서 모두 저항 변화 메모리(ReRAM) 소자 및 저항 스위칭 메커니즘을 다루고 있으며, 특히 전도성 필라멘트 형성을 통한 저항 변화를 핵심 기술 수단으로 사용하고 있기 때문이다.",False,"후보 문헌은 전도성 필라멘트 형성 및 이온 이동 기반 ReRAM 제조 공정을 다루는 반면, 연구 아이디어는 필라멘트 형성 없이 전자 트랩/디트랩에 의한 순수 전자적 나노금속 ReRAM을 다루어 기술적 수단이 상반된다."
1804.03302v1,memory,us_US20180019165A1,4,10.0201,False,"후보 문헌은 MoCVD 증착 방법에 대한 것으로, ReRAM의 저항 스위칭 메커니즘이나 전자적 나노금속 ReRAM의 원리 자체를 다루지 않으므로 선행기술 검토 대상으로 보기 어렵다.",False,"후보 문헌은 몰리브덴 CVD 증착 공정에 관한 것으로, 전자적 저항 변화 메모리(나노메탈릭 ReRAM)의 저항 스위칭 메커니즘이나 응용과는 기술적으로 무관하다."
1804.03302v1,memory,kr_KR100630437B1,5,9.8576,True,"두 문서 모두 전압에 의해 저항이 변하는 비휘발성 메모리 장치에 대해 다루고 있으며, 이는 동일한 기술 문제를 다루는 것으로 볼 수 있다.",False,"후보 문헌은 유기 폴리이미드막 기반 저항 메모리로서, 전자 트래핑/디트래핑에 의한 나노메탈릭(비이온성) 저항 스위칭 메커니즘이라는 연구 아이디어의 핵심 기술 수단과 무관하다."
1804.03302v1,memory,kr_1020080011204,6,9.3898,True,"두 기술 모두 저항 변화를 이용한 비휘발성 메모리 소자(ReRAM)를 다루고 있으며, 저항층을 핵심 구성 요소로 사용한다는 점에서 기술적 연관성이 있다.",True,금속 질화물 저항층 기반 ReRAM은 나노메탈릭 ReRAM의 아이디어와 동일한 저항 스위칭 메모리 기술 영역 및 재료계(질화물)를 다루므로 선행기술 검토 대상으로 볼 만하다.
1804.03302v1,memory,kr_KR1020150101882A,7,9.3167,False,"후보 문헌은 신축성 전자 소자 전반에 대한 내용이며, ReRAM의 저항 스위칭 메커니즘이나 나노 금속 ReRAM과 같은 특정 기술 수단을 다루지 않습니다.",False,"이 후보 문헌은 신축성 기판 상의 전자 소자 패키징 구조에 관한 것으로, 나노금속 ReRAM의 전자적 저항 변화 메커니즘이나 전하 트랩/디트랩 기술과 무관하다."
1804.03302v1,memory,kr_KR1020150108580A,8,9.3167,False,"후보 문헌은 웨어러블 전자 기기의 구조 및 제조 방법에 관한 것으로, 연구 아이디어인 전자적 나노 금속 ReRAM의 저항 스위칭 메커니즘과는 기술적 내용이 상이하다.",False,후보 문헌은 웨어러블 생체적합성 전자기기에 관한 것으로 나노금속 ReRAM의 전자적 저항 스위칭 메커니즘과 무관하다.
1804.03302v1,memory,us_US20080073635A1,9,9.1763,False,"후보 문헌은 반도체 메모리의 구조에 대한 내용으로, 연구 아이디어에서 제시하는 나노금속 ReRAM의 저항 스위칭 메커니즘이나 전자적인 방식의 저항 변화와는 기술적 내용이 다르다.",False,"후보 문헌은 적층 활성영역과 게이트 전극 구조를 갖는 3차원 반도체 메모리 제조 방법에 관한 것으로, 전자 트래핑/디트래핑 기반의 나노금속 ReRAM 저항 스위칭 메커니즘과는 기술 문제나 수단이 겹치지 않는다."
1804.03302v1,memory,kr_KR1020060113478A,10,9.1404,True,"두 문서 모두 불휘발성 메모리 장치에 대한 내용이며, 특히 전극과 절연막을 이용한 저항 변화를 통한 데이터 저장 방식을 다루고 있어 기술적인 연관성이 있다.",False,"후보 문헌은 전통적인 플로팅게이트 NAND 플래시 메모리의 계면층 구조에 관한 것으로, 전자 트래핑/디트래핑에 기반한 나노메탈릭 ReRAM의 저항 스위칭 메커니즘과는 기술적 수단과 문제가 다르다."
1706.07565v2,memory,kr_KR1020050029693A,1,11.4815,True,"Both the research idea and the candidate document discuss floating gate (FG) arrays in semiconductor devices, focusing on their structure and potential for information storage, which is relevant to the proposed quantum annealing machine based on FG arrays.",True,"부유 게이트와 제어 게이트 간 커패시티브 커플링을 이용한 NAND 플래시 셀 구조를 다루어, 아이디어가 이징 상호작용 도출 근거로 삼는 FG 셀-셀 간섭 및 소자 구조와 동일한 기술 수단을 다룬다."
1706.07565v2,memory,kr_KR1020170046093A,2,10.4797,False,"후보 문헌은 일반적인 게이트 구조 및 반도체 소자 제조 방법에 관한 것으로, 연구 아이디어에서 제안하는 부동 게이트 어레이 기반 양자 어닐링 머신과는 기술적 내용이 상이하다.",False,"후보 문헌은 도핑된 스페이서를 갖는 게이트 스택 구조에 관한 것으로, 플로팅 게이트 어레이 기반 양자 어닐링 머신의 단일전자 효과 및 셀 간 커패시티브 결합을 이용한 이징 상호작용 구현이라는 연구 아이디어의 기술 문제나 수단과 무관하다."
1706.07565v2,memory,kr_1020100068373,3,9.7669,False,"후보 문헌은 반도체 소자 제조 방법에 대한 내용으로, 연구 아이디어에서 제안하는 양자 어닐링 머신이나 부동 게이트 어레이의 동작 원리, 이싱 해밀토니안 유도, 셀 간 간섭과 같은 기술적 내용과는 관련이 없습니다.",False,"후보 문헌은 실리사이드 형성을 위한 반도체 소자 제조 공정(RTA, 하부 전극 콘택 플러그)에 관한 것으로, 플로팅 게이트 배열 기반 양자 어닐링 머신의 이징 해밀토니안 구현이라는 기술 문제나 수단과 무관하다."
1706.07565v2,memory,kr_1020090005381,4,9.2849,False,"후보 문헌은 전이금속 실리사이드 기반 메모리 소자 제조 방법에 대한 내용으로, 연구 아이디어에서 제안하는 부동 게이트 어레이 기반 양자 어닐링 머신과는 기술적인 문제 및 수단이 다르다.",False,"후보 문헌은 나노결정 실리사이드 플로팅게이트 메모리 소자의 제조 공정에 관한 것으로, 아이디어의 핵심인 단일전자 영역에서의 이징 해밀토니안 유도 및 셀 간 커패시티브 커플링을 이용한 양자 어닐링 구현과는 기술 문제나 수단이 다르다."
1706.07565v2,memory,us_US20040048157A1,5,9.2176,False,"The research idea focuses on quantum annealing using floating gate arrays and single-electron effects, while the candidate document describes lithium vanadium oxide thin-film batteries, addressing different technical problems and utilizing different technologies.",False,"후보 문헌은 리튬 바나듐 산화물 박막 배터리에 관한 것으로, 플로팅 게이트 어레이 기반 양자 어닐링 소자의 기술 문제나 수단과 무관하다."
1706.07565v2,memory,kr_1020217016432,6,8.8525,False,"후보 문헌은 반도체 구조의 본딩 기술에 관한 것으로, 연구 아이디어인 부동 게이트 어레이 기반 양자 어닐링 머신과는 기술적인 문제 및 수단이 다르다.",False,"후보 문헌은 본딩된 반도체 구조의 컨택 재료에 관한 것으로, 플로팅 게이트 배열 기반 양자 어닐링 및 이징 해밀토니안 구현이라는 연구 아이디어의 기술 문제나 수단과 무관하다."
1706.07565v2,memory,kr_KR1020020047228A,7,8.6405,True,"Both the research idea and the candidate document discuss charge storage devices and their application in memory, specifically focusing on utilizing charge storage for device operation, which aligns with the quantum annealing proposal based on floating gate arrays.",False,"후보 문헌은 3차원 전하 저장 메모리 어레이의 제조 공정(CMP 평탄화) 및 구조에 관한 것으로, 연구 아이디어의 핵심인 FG 셀 간 커패시티브 커플링을 이용한 이징 해밀토니안 기반 양자 어닐링 동작이라는 기술 문제나 수단을 다루지 않는다."
1706.07565v2,memory,us_US5970378A,8,8.3417,False,"후보 문헌은 티타늄 질화막 형성 기술에 관한 것으로, 연구 아이디어인 부동 게이트 어레이 기반 양자 어닐링 머신과는 기술적인 문제 및 수단이 전혀 다르다.",False,"후보 문헌은 티타늄 나이트라이드 박막의 저저항 플라즈마 처리 공정에 관한 것으로, 플로팅 게이트 어레이 기반 양자 어닐링 및 단전자 이징 상호작용을 다루는 연구 아이디어와 기술 문제나 수단이 겹치지 않는다."
1706.07565v2,memory,kr_KR1020200133594A,9,8.0816,False,"후보 문헌은 산화갈륨 기반 쇼트키 다이오드에 관한 것으로, 연구 아이디어인 부동 게이트 어레이 기반 양자 어닐링 머신과는 기술적인 내용과 목표가 다르다.",False,"쇼트키 다이오드 및 산화갈륨 반도체 소자에 관한 문헌으로, 플로팅 게이트 배열 기반 양자 어닐링 및 단전자 이징 상호작용을 다루는 연구 아이디어와 기술적 문제나 수단이 겹치지 않는다."
1706.07565v2,memory,us_US20130221527A1,10,8.0816,False,"The research idea focuses on quantum annealing using floating gate arrays and single-electron effects, while the candidate document describes a metallic interconnect structure for electromigration resistance, addressing completely different technical problems and means.",False,"후보 문헌은 금속 인터커넥트의 전기이동 저항 구조에 관한 것으로, 플로팅 게이트 어레이 기반 양자 어닐링 및 이징 해밀토니안 구현이라는 연구 아이디어의 기술 문제나 수단과 무관하다."
2005.01033v1,memory,kr_1020137027103,1,4.0922,False,"후보 문헌은 압전 소자를 이용한 MEMS 디바이스 구조에 관한 것으로, 유기 분자를 이용한 저항 스위칭 현상 및 메모리 소자 연구 아이디어와 기술적인 관련성이 낮습니다.",False,후보 문헌은 압전 MEMS 소자에 관한 것으로 유기물 기반 저항 스위칭 메모리 소자와 기술 문제 및 수단이 상이하다.
2005.01033v1,memory,kr_1020160093314,2,4.0922,False,"후보 문헌은 전자 섬유 증착 장치의 구조에 대한 내용으로, 연구 아이디어인 유기 분자를 이용한 저항 스위칭 소자 및 메커니즘과는 기술적인 내용이 상이하여 관련성이 낮다.",False,"후보 문헌은 섬유 기판에 물질을 균일하게 증착하는 장치 구조에 관한 것으로, 유기물 저항 변화 스위칭 메커니즘이나 메모리 소자와는 기술적 문제나 수단이 겹치지 않는다."
2005.01033v1,memory,kr_1020220078082,3,4.0922,False,"연구 아이디어는 유기 분자를 이용한 저항 스위칭 소자 및 메커니즘에 관한 것이고, 후보 문헌은 반도체 기판 패시베이션을 위한 화합물에 관한 것으로, 기술적인 문제와 수단이 다르다.",False,"후보 문헌은 반도체 표면 패시베이션 화합물 및 박막 형성 기술에 관한 것으로, 유기 분자 기반 저항 스위칭 메모리 소자 및 그 스위칭 메커니즘을 다루는 연구 아이디어와 기술 문제나 기술 수단이 겹치지 않는다."
2005.01033v1,memory,kr_1020240025544,4,4.0922,False,"연구 아이디어는 유기 분자를 이용한 저항 스위칭 소자 전반에 대한 것이고, 후보 문헌은 특정 박막 형성 물질의 결합 에너지에 대한 내용으로, 기술적인 수단과 해결하려는 문제가 다르다.",False,"후보 문헌은 박막 형성용 화합물의 결합해리에너지 계산에 관한 것으로, 유기물 저항 스위칭 메모리 소자의 스위칭 메커니즘이라는 연구 아이디어와 기술 문제나 기술 수단이 겹치지 않는다."
2005.01033v1,memory,kr_1020240125457,5,4.0922,False,"후보 문헌은 유기막 형성 조성물 및 방법에 관한 것으로, 연구 아이디어에서 다루는 저항 스위칭 현상이나 메커니즘과는 직접적인 관련이 없어 보입니다.",False,"후보 문헌은 반도체 패턴 형성을 위한 유기막 조성물 및 공정에 관한 것으로, 유기 분자의 저항 스위칭 메모리 소자 및 그 메커니즘을 다루는 연구 아이디어와 기술 문제나 기술 수단이 겹치지 않는다."
2005.01033v1,memory,kr_KR100630437B1,6,4.0922,True,"두 자료 모두 유기물질을 이용한 저항 스위칭 메모리 장치에 대한 연구를 다루고 있으며, 특히 저항 변화를 이용한 비휘발성 메모리 구현이라는 공통된 기술 문제를 다룬다.",True,두 문헌 모두 유기물 기반 저항 스위칭 메모리 소자의 구조와 스위칭 메커니즘을 다루는 동일 기술 분야에 속한다.
2005.01033v1,memory,kr_KR100791948B1,7,4.0922,False,"후보 문헌은 탄소나노튜브 배선 형성 방법에 관한 것으로, 연구 아이디어인 유기 분자를 이용한 저항 스위칭 소자와 기술적 관련성이 낮습니다.",False,"후보 문헌은 탄소나노튜브 배선 형성 공정에 관한 것으로, 유기물질의 저항 스위칭 메모리 소자 및 그 메커니즘을 다루는 연구 아이디어와 기술 문제나 수단이 겹치지 않는다."
2005.01033v1,memory,kr_KR1020010098415A,8,4.0922,False,"후보 문헌은 필름 증착을 위한 전구체 혼합물에 관한 것으로, 저항 스위칭 동작이나 유기 분자 기반 메모리 소자와 직접적인 관련이 없어 선행기술 검토 대상으로 보기 어렵다.",False,"후보 문헌은 CVD/ALD용 금속 전구체 소스 혼합물 제조에 관한 것으로, 유기분자의 저항 스위칭 메커니즘을 다루는 연구 아이디어와 기술 문제나 수단이 겹치지 않는다."
2005.01033v1,memory,kr_KR1020020051151A,9,4.0922,False,"후보 문헌은 콘택 플러그 형성 방법에 대한 것으로, 연구 아이디어인 유기 분자를 이용한 저항 스위칭 현상과는 기술적인 문제 및 수단이 다르다.",False,"이 문헌은 반도체 콘택플러그 형성을 위한 장벽금속막 공정에 관한 것으로, 유기물질 기반 저항 스위칭 소자나 메모리 메커니즘과는 기술 분야 및 수단이 전혀 다르다."
2005.01033v1,memory,kr_KR1020040007480A,10,4.0922,False,"후보 문헌은 유기 반사 방지막의 식각 방법에 관한 것으로, 연구 아이디어인 유기 분자를 이용한 저항 스위칭 소자 및 메커니즘과는 기술적인 문제 및 수단이 다르다.",False,"후보 문헌은 유기 반사 방지막의 플라즈마 식각 공정에 관한 것으로, 유기 물질의 저항 스위칭 메모리 소자 및 스위칭 메커니즘을 다루는 연구 아이디어와 기술 문제나 기술 수단이 무관하다."
1110.2844v2,memory,us_US20110281173A1,1,7.4119,False,"후보 문헌은 전극 및 전해질을 이용한 전기화학 셀에 관한 것으로, 연구 아이디어에서 다루는 저항 스위칭 현상과는 기술적인 관련성이 낮습니다.",False,"후보 문헌은 전기화학 셀의 전극/전해질 구성에 관한 것으로, HfAlO 기반 저항변화 메모리의 온도 의존적 전도 필라멘트 및 전하 트래핑 메커니즘과는 기술 문제와 수단이 전혀 다르다."
1110.2844v2,memory,us_US20130075686A1,2,6.9299,False,"후보 문헌은 아모퍼스 실리콘과 폴리실리콘 박막을 이용한 가변 저항 메모리 구조를 설명하며, 연구 아이디어에서 다루는 HfAlO 기반 저항 스위칭의 온도 특성 및 동작 메커니즘과는 기술적 내용이 상이함.",False,"후보 문헌은 이온원 전극 기반 CBRAM 소자 구조에 관한 것으로, 연구 아이디어의 온도 의존적 저항 스위칭 메커니즘이나 전하 트랩/디트랩핑 현상과 같은 기술 문제나 수단을 다루지 않는다."
1110.2844v2,memory,kr_KR1020010098415A,3,6.7525,False,"후보 문헌은 전구체 소스 혼합물에 대한 내용으로, 저항 스위칭 현상이나 온도에 따른 저항 스위칭 특성 변화와 같은 기술적 문제를 다루지 않습니다.",False,"후보 문헌은 CVD/ALD용 전구체 소스 혼합물 조성에 관한 것으로, 저항변화 메모리의 온도 의존적 스위칭 메커니즘 연구와는 기술 문제나 수단이 겹치지 않는다."
1110.2844v2,memory,kr_KR1020040087051A,4,6.7525,False,"후보 문헌은 반도체 공정 기술에 관한 것으로, 연구 아이디어인 저항 스위칭의 임계 온도 영역과는 기술적인 관련성이 없습니다.",False,"후보 문헌은 미세 패턴 형성을 위한 포토리소그라피 및 하드마스크 식각 공정에 관한 것으로, 저항성 스위칭 메모리의 온도 의존적 스위칭 메커니즘을 다루는 연구 아이디어와 기술 문제나 기술 수단이 겹치지 않는다."
1110.2844v2,memory,kr_KR1020050029693A,5,6.7525,False,"후보 문헌은 플로팅 게이트 기반의 불휘발성 메모리 구조에 대한 것이며, 연구 아이디어는 저항 스위칭 메모리의 저온 특성에 대한 연구이므로 기술적인 내용이 다르다.",False,"후보 문헌은 플로팅 게이트 기반 비휘발성 메모리의 구조적 발명으로, HfAlO 저항변화 메모리의 온도 의존적 전도 메커니즘이라는 연구 아이디어의 기술 문제나 수단과 무관하다."
1110.2844v2,memory,us_US20040048157A1,6,6.7525,False,"후보 문헌은 리튬-바나듐 산화막 박막 배터리의 제조 및 사용에 관한 것으로, 저항 스위칭 현상이나 온도에 따른 저항 스위칭 특성 변화와 관련된 기술 문제를 다루지 않습니다.",False,"후보 문헌은 리튬 바나듐 산화물 박막 배터리에 관한 것으로, HfAlO 저항 스위칭 메모리의 온도 의존적 저항 변화 메커니즘과는 기술 분야와 문제 모두 무관하다."
1110.2844v2,memory,kr_KR1020180125100A,7,6.1069,False,"후보 문헌은 박막 트랜지스터 제조 방법에 관한 것으로, 연구 아이디어의 저항 스위칭 현상 및 온도 의존성에 대한 기술적 내용과 직접적인 관련이 없습니다.",False,"이 문헌은 박막 트랜지스터 제조를 위한 금속산화물 활성층 형성 공정에 관한 것으로, 저항 스위칭 메모리의 온도 의존적 전도 메커니즘이나 전하 트랩/디트랩 현상과는 기술 문제 및 수단이 다르다."
1110.2844v2,memory,kr_KR1020060011478A,8,6.0397,False,"후보 문헌은 SONOS 구조의 비휘발성 메모리 소자에 대한 내용으로, 연구 아이디어에서 다루는 저항 스위칭 메모리의 작동 메커니즘 및 온도 의존성과는 기술적 내용이 다르다.",False,"후보 문헌은 SONOS 구조의 charge trap 비휘발성 메모리 소자 구조에 관한 것으로, 연구 아이디어의 HfAlO 저항변화 메모리의 온도 의존적 저항 스위칭 메커니즘 및 임계 온도 영역과는 기술적 문제와 수단이 다르다."
1110.2844v2,memory,us_US20130214234A1,9,6.0397,False,"후보 문헌은 저항 스위칭 소자의 구조에 대한 내용으로, 연구 아이디어에서 제시된 저항 스위칭의 임계 온도 영역 및 동작 메커니즘과는 기술적 내용이 다르다.",False,"후보 문헌은 저항 스위칭 소자의 구조 및 형성 방법에 관한 것으로, 연구 아이디어의 핵심인 온도 의존적 저항 스위칭 메커니즘이나 전하 트랩/디트랩 현상과는 관련이 없다."
1110.2844v2,memory,kr_1020090110594,10,5.9294,True,두 기술 모두 저항 변화 메모리 소자에서 저항 변화 현상을 활용하여 비휘발성 메모리 특성을 구현하는 기술 문제를 다루고 있다.,False,후보 문헌은 크로스포인트 구조의 비휘발성 메모리 소자 특허 청구항으로 온도 의존적 저항 스위칭 메커니즘이나 전하 트랩/디트랩핑 현상을 다루지 않아 연구 아이디어와 기술적 관련성이 낮다.
2606.25679v1,memory,kr_KR100630437B1,1,8.3584,True,"두 문서 모두 전극 사이에 위치한 물질의 저항 변화를 이용한 비휘발성 메모리 장치에 대해 다루고 있으며, 이는 동일한 기술 문제를 다루는 것으로 볼 수 있다.",False,"후보 문헌은 폴리이미드 기반 유기물 저항 메모리 소자에 관한 것으로, CuCrP2S6의 이온-레독스 기반 저항 스위칭 메커니즘이나 금속 티오인산염 이온 동역학과는 기술적 문제나 수단이 겹치지 않는다."
2606.25679v1,memory,kr_KR1020050029693A,2,8.3584,False,"후보 문헌은 플로팅 게이트 기반의 전통적인 불휘발성 메모리 구조에 대한 것이며, 연구 아이디어는 이온 이동 및 산화환원 반응을 이용한 새로운 저항 스위칭 메커니즘을 다루므로 기술적 접근 방식이 다르다.",False,"후보 문헌은 플로팅 게이트 기반 불휘발성 반도체 메모리의 구조적 특허로, 연구 아이디어의 CuCrP2S6 기반 이온-레독스 저항 스위칭 메커니즘과는 기술 문제나 기술 수단이 전혀 겹치지 않는다."
2606.25679v1,memory,kr_KR1020170046093A,3,7.5353,False,"후보 문헌은 게이트 구조와 관련된 반도체 소자 제조 기술에 관한 것으로, 연구 아이디어인 CuCrP2S6 기반 이온-레독스 스위칭 현상과는 기술적인 내용과 다룹는 문제가 다르다.",False,"후보 문헌은 CMOS 게이트 스택 및 스페이서 구조에 관한 것으로, CuCrP2S6 기반 이온-레독스 저항 스위칭 메모리 소자의 기술 문제나 수단과 무관하다."
2606.25679v1,memory,kr_KR1020020051151A,4,7.4824,False,"후보 문헌은 콘택 플러그 형성 방법에 대한 것으로, 연구 아이디어인 CuCrP2S6 기반 이온-레독스 스위칭의 기술적 내용과 관련이 없습니다.",False,"후보 문헌은 CMOS 콘택플러그 형성을 위한 장벽금속막 공정에 관한 것으로, CuCrP2S6 기반 이온-레독스 저항 스위칭 및 뉴로모픽 소자 연구와 기술 문제나 수단이 겹치지 않는다."
2606.25679v1,memory,kr_1020220078082,5,7.0533,False,"후보 문헌은 패시베이션 화합물 및 반도체 기판 제조에 관한 것으로, 연구 아이디어에서 다루는 이온-레독스 기반 저항 스위칭과는 기술적 내용이 상이하다.",False,"후보 문헌은 반도체 기판 패시베이션용 화합물 및 박막 형성 공정에 관한 것으로, CuCrP2S6의 이온-레독스 기반 저항 스위칭 메커니즘 연구와 기술 문제나 수단이 겹치지 않는다."
2606.25679v1,memory,kr_KR1020040069492A,6,6.8952,False,"후보 문헌은 나노 구조물 기반 커패시터에 대한 내용으로, 연구 아이디어인 이온-레독스 기반 저항 스위칭과는 기술적인 문제 및 수단이 다르다.",False,"후보 문헌은 나노구조 커패시터 기반 DRAM 제조 공정에 관한 것으로, CuCrP2S6의 이온 확산 및 저항 스위칭 메커니즘을 다루는 연구 아이디어와 기술적 문제나 수단이 겹치지 않는다."
2606.25679v1,memory,kr_KR100661372B1,7,6.7696,False,"후보 문헌은 MIM 캐패시터 구조 및 제조 방법에 관한 것으로, 연구 아이디어인 이온-레독스 기반 저항 스위칭 메커니즘과는 기술적 내용이 다르다.",False,"후보 문헌은 MIM 캐패시터 구조의 반도체 소자 제조 공정에 관한 것으로, CuCrP2S6의 이온-레독스 기반 저항 스위칭 메커니즘 연구와는 기술 문제나 기술 수단이 전혀 겹치지 않는다."
2606.25679v1,memory,kr_1020110021034,8,6.6594,False,"후보 문헌은 3D 적층 구조의 제조 방법에 초점을 맞추고 있으며, 연구 아이디어는 CuCrP2S6 물질 내 이온-레독스 기반 저항 스위칭 메커니즘과 속도 제어 가능성에 대한 연구이므로, 기술적 초점이 다르다.",False,"후보 문헌은 금속 산화막 기반 3D 적층 비휘발성 저항 스위칭 메모리 소자의 구조 및 제조공정에 관한 것으로, CuCrP2S6 메탈 티오포스페이트의 이온-레독스 기반 저항 스위칭 메커니즘 및 휘발성 튜닝을 다루는 연구 아이디어와 기술적 문제나 수단이 겹치지 않는다."
2606.25679v1,memory,kr_KR1020090057690A,9,6.6594,False,"후보 문헌은 산화물 반도체 박막 트랜지스터 제조 방법에 관한 것으로, 연구 아이디어인 이온-레독스 기반 저항 스위칭 현상과는 기술적인 문제 및 수단이 다르다.",False,"후보 문헌은 산화물 반도체 박막 트랜지스터의 제조공정에 관한 것으로, CuCrP2S6의 이온-레독스 기반 저항 스위칭 및 필라멘트 형성 메커니즘과는 기술 문제와 수단이 전혀 다르다."
2606.25679v1,memory,us_US20090194876A1,10,6.4422,False,"후보 문헌은 Cu/low-k 배선 구조에 관한 것으로, 연구 아이디어의 CuCrP2S6 기반 이온-레독스 저항 스위칭 메커니즘과는 기술적 내용이 다르다.",False,"후보 문헌은 Cu 배선-저유전율 절연막 집적 구조에 관한 것으로, CuCrP2S6의 이온-레독스 기반 저항 스위칭 및 Cu+ 확산 동역학이라는 연구 아이디어의 기술 문제나 수단과 무관하다."
2009.12536v2,memory,kr_1020240025544,1,7.4067,False,"후보 문헌은 박막 형성 물질의 결합 에너지에 대한 내용으로, 연구 아이디어에서 다루는 Mott 절연체에서의 저항 스위칭 현상 및 광학적 이미징과는 기술적 관련성이 낮습니다.",False,"후보 문헌은 박막 형성용 화학 물질의 결합해리에너지에 관한 것으로, V2O3 모트 절연체의 전기열적 저항 스위칭 및 상 분리 현상을 다루는 연구 아이디어와 기술적 문제나 수단이 전혀 겹치지 않는다."
2009.12536v2,memory,kr_KR100630437B1,2,7.4067,True,"Both the research idea and the candidate document deal with resistive switching devices, exploring mechanisms for changing electrical resistance, although they utilize different materials (V2O3 vs. polyimide).",False,"후보 문헌은 유기 폴리이미드 기반 저항 메모리 소자 구조에 관한 것으로, 연구 아이디어의 핵심인 Mott 절연체 V2O3의 전기열적 상전이 및 필라멘트 형성 메커니즘과 기술적 문제나 수단이 겹치지 않는다."
2009.12536v2,memory,kr_KR1020010098415A,3,7.4067,False,"후보 문헌은 필름 증착을 위한 전구체 혼합물에 관한 것으로, Mott 절연체에서의 저항 스위칭 현상이나 광학적 이미징과는 관련이 없습니다. 기술적인 문제나 수단이 다릅니다.",False,"후보 문헌은 CVD/ALD용 전구체 소스 혼합물 조성 및 제조에 관한 것으로, V2O3 모트 절연체의 전기열적 저항 스위칭 및 상분리 현상을 다루는 연구 아이디어와 기술적 문제나 수단이 겹치지 않는다."
2009.12536v2,memory,kr_KR1020080043173A,4,7.4067,True,"두 문서 모두 저항성 메모리 소자 및 그 동작 메커니즘을 다루고 있으며, 특히 Mott 절연체에서의 저항 스위칭 현상과 관련된 기술 문제를 공유하기 때문에 선행기술 검토 대상으로 볼 수 있다.",False,"이 특허는 저항성 메모리 소자의 구조 및 제조 공정에 관한 것으로, 연구 아이디어의 핵심인 Mott 절연체(V2O3)에서의 전기열적 상전이 및 스트레인 매개 상분리 현상의 광학적 관찰과는 기술적 문제나 수단이 다르다."
2009.12536v2,memory,us_US20040048157A1,5,7.4067,False,"후보 문헌은 리튬-바나듐 산화막 박막 배터리의 제조 및 사용에 관한 것으로, 연구 아이디어에서 다루는 Mott 절연체에서의 전기열 저항 스위칭 현상과는 기술적 내용이 다르다.",False,"후보 문헌은 리튬 바나듐 산화물 박막 배터리에 관한 것으로, Mott 절연체의 전기열적 저항 스위칭과 상 분리 현상을 다루는 연구 아이디어와 기술 문제나 수단이 겹치지 않는다."
2009.12536v2,memory,us_US20040108217A1,6,7.4067,False,"후보 문헌은 구리 인터커넥트 구조 형성에 관한 내용으로, 연구 아이디어의 Mott 절연체에서의 저항 스위칭 및 광학적 이미징과는 기술적인 문제와 수단이 다르다.",False,"후보 문헌은 구리 상호연결 형성을 위한 도금 공정에 관한 것으로, Mott 절연체의 전기열적 저항 스위칭 및 상 분리 현상과 기술적 문제나 수단이 겹치지 않는다."
2009.12536v2,memory,us_US20130214234A1,7,6.6939,False,"후보 문헌은 소자의 구조 및 재료에 대한 특허 명세서로, 연구 아이디어에서 다루는 Mott 절연체에서의 저항 스위칭 현상 및 그 메커니즘에 대한 광학적 연구와는 기술적 내용이 다르다.",False,"후보 문헌은 고체전해질 기반 저항변화 소자의 구조·제조 방법에 관한 것으로, 연구 아이디어의 Mott 절연체 전기열적 스위칭 및 상분리 메커니즘과는 기술적 문제나 수단이 다르다."
2009.12536v2,memory,us_US20060054950A1,8,6.5836,True,"Both investigate resistive switching in transition metal oxides, addressing the core technical problem of memristive devices, though the candidate document focuses on material composition while the research idea focuses on the switching mechanism visualization and its relation to strain.",False,"특허는 전이금속 산화물 기반 비휘발성 메모리 셀 제조 공정에 관한 것으로, Mott 절연체의 전기열적 저항 스위칭 메커니즘 및 변형 매개 상분리 광학 이미징이라는 연구 아이디어의 핵심 기술 문제나 수단과 겹치지 않는다."
2009.12536v2,memory,kr_KR1020020051151A,9,6.5308,False,"The research idea focuses on resistive switching in Mott insulators and visualizing filament formation, while the candidate document describes a method for forming contact plugs in semiconductor devices, addressing entirely different technical problems and materials.",False,"후보 문헌은 콘택플러그 형성을 위한 반도체 공정 기술로, 모트 절연체의 전기열적 저항 스위칭 및 상 분리 현상을 다루는 연구 아이디어와 기술적 문제나 수단이 겹치지 않는다."
2009.12536v2,memory,kr_KR1020050029693A,10,6.2731,False,"후보 문헌은 플래시 메모리 구조에 대한 특허 명세서로, Mott 절연체에서의 전열 저항 스위칭 및 스트레인 유도 위상 공존 현상과 관련된 연구 아이디어와 기술적 내용이 다르다.",False,"후보 문헌은 플로팅 게이트 구조의 비휘발성 반도체 메모리 소자에 관한 것으로, Mott 절연체의 전기열적 저항 스위칭과 상변화 시각화라는 연구 아이디어의 기술 문제나 수단과 무관하다."
2202.04477v2,memory,us_US20160247927A1,1,11.4049,False,"후보 문헌은 터널 TFT의 구조 및 특성에 관한 것으로, 연구 아이디어에서 다루는 산화물 계면을 이용한 저항 스위칭 소자와 기술적 연관성이 낮습니다.",False,"후보 문헌은 밴드갭 이종접합 터널 TFT의 채널 및 off-current 억제 기술을 다루며, 연구 아이디어의 Al2O3-TiO2 전도성 산화물 계면 기반 저항변화(발란스 체인지, 산소 결손 저장소) 스위칭 소자와는 기술 문제와 수단이 다르다."
2202.04477v2,memory,kr_1020107007413,2,11.3168,False,"후보 문헌은 메모리 셀의 구조에 대한 일반적인 설명을 제공하며, 연구 아이디어처럼 특정 산화물 인터페이스를 결함 저장소로 활용하여 저항 스위칭 소자를 구현하는 기술적 접근 방식을 다루지 않습니다.",False,"후보 문헌은 플래시 메모리류의 터널 유전체/전하저장 게이트 구조에 관한 것으로, 산화물 계면 결함(산소 공핍)을 이용한 저항변화(valence-change) 메모리 소자와 기술적 문제 및 수단이 다르다."
2202.04477v2,memory,us_US20090213660A1,3,10.604,False,"후보 문헌은 3단자 NMOS 비휘발성 메모리 셀 구조에 대한 것이며, 연구 아이디어는 산화물 계면을 이용한 저항 변화 메모리 소자에 대한 것이므로, 기술적인 문제나 수단이 다르다.",False,"후보 문헌은 플로팅 게이트 기반 CMOS 비휘발성 메모리 셀 구조에 관한 것으로, 산화물 계면의 산소 결함을 이용한 저항변화 스위칭 메커니즘이나 재료 시스템과는 기술적 문제와 수단이 다르다."
2202.04477v2,memory,us_US20110121379A1,4,10.604,False,"후보 문헌은 플로팅 게이트 기반의 3단자 비휘발성 메모리 셀 구조에 관한 것으로, 연구 아이디어에서 제시하는 산화물 계면 기반의 저항 변화 메모리 소자와 기술적 접근 방식이 다르다.",False,"후보 문헌은 플로팅 게이트 기반 NVM 트랜지스터 구조를 다루며, 산화물 계면 결함 저항 스위칭 메모리와는 기술 문제나 수단이 겹치지 않는다."
2202.04477v2,memory,kr_KR1020060011478A,5,10.2801,False,"후보 문헌은 SONOS 구조의 비휘발성 메모리 소자에 대한 것으로, 연구 아이디어의 산화물 계면 저항 변화 메모리 소자와 기술적 접근 방식이 다르다.",False,"후보 문헌은 SONOS 구조의 전하 트래핑 비휘발성 메모리에 관한 것으로, 산소 공극 기반 valence-change 저항변화 소자와 전도성 산화물 계면 결함 저장소라는 연구 아이디어의 기술 문제 및 수단과 무관하다."
2202.04477v2,memory,us_US20060054950A1,6,10.1699,True,"Both address resistive switching memory using transition metal oxides as the switching layer, exploring materials and structures for non-volatile memory applications, though the specific materials and mechanisms differ.",True,둘 다 전이금속(또는 그와 유사한 산화물) 저장층을 이용한 저항변화(Resistive switching) 비휘발성 메모리 소자와 산소 결함/조성 제어를 다루는 동일 기술 문제를 다룬다.
2202.04477v2,memory,kr_KR1020060034467A,7,10.117,True,"두 문서 모두 금속 산화물 기반의 다층 박막을 다루고 있으며, 특히 알루미늄 산화물과 티타늄 산화물이 언급되어 있어, 연구 아이디어의 핵심 기술 수단과 관련성이 높습니다.",False,"후보 문헌은 트랜지스터 게이트 유전체 적층 구조에 관한 것으로, 저항변화 스위칭 메모리 소자와 산소공극 기반 valence-change 메커니즘이라는 연구 아이디어의 핵심 기술 문제나 수단과 무관하다."
2202.04477v2,memory,kr_KR1020020047228A,8,9.8196,False,"후보 문헌은 3D 어레이 구조의 전하 저장 장치에 관한 것으로, 연구 아이디어의 산화물 계면 기반 저항 스위칭 소자와 기술적 연관성이 낮습니다.",False,"후보 문헌은 3차원 전하 저장 메모리 어레이의 구조 및 제조 공정(화학 기계적 연마)을 다루며, 연구 아이디어의 산화막 계면 기반 valence-change 저항성 스위칭 메커니즘이나 산소 공공 저장소로서의 전도성 산화물 계면과는 기술적 문제와 수단이 전혀 다르다."
2202.04477v2,memory,kr_KR1020070086562A,9,9.3326,False,"후보 문헌은 트랜지스터 구조 및 제조에 관한 것으로, 연구 아이디어의 저항 스위칭 소자 및 산화물 인터페이스 결함 제어와 기술적 관련성이 낮습니다.",False,"후보 문헌은 게이트 스택 기반 스케일가능 로직/비휘발성 메모리 트랜지스터에 관한 것으로, 저항변화 소자나 산소 결함 저장소 역할을 하는 전도성 산화물 계면과는 기술 문제와 수단이 다르다."
2202.04477v2,memory,us_US20130075686A1,10,9.3022,True,"Both address resistive switching memory devices and explore materials/structures to achieve variable resistance, even though the specific materials and mechanisms differ.",False,"후보 문헌은 금속 이온 이동 기반 실리콘 저항변화 메모리를 다루며, 연구 아이디어의 산화물 계면 결함(산소 공공) 기반 valence-change 저항변화 소자와 기술적 수단 및 재료 시스템이 다르다."
1605.06014v1,memory,kr_KR1020060134563A,1,13.6467,True,"두 문서 모두 HfO2를 포함한 절연막을 사용하여 저항 메모리 소자를 제조하고, 저항 스위칭 특성을 구현하는 기술을 다루고 있기 때문이다.",True,"둘 다 HfO2 기반 저항 스위칭 메모리(ReRAM) 소자의 제작과 스위칭 특성(포밍, 동작전압 등)을 다루므로 같은 기술 분야 선행기술로 볼 수 있다."
1605.06014v1,memory,kr_1020110021034,2,12.9012,True,"두 기술 모두 금속 산화막을 이용한 저항 스위칭 메모리 소자(ReRAM)를 다루고 있으며, 금속 산화막의 조성 및 소자 구조를 통해 저항 스위칭 특성을 구현하는 기술 문제를 공유하기 때문이다.",True,둘 다 금속산화막을 이용한 저항 스위칭 비휘발성 메모리 소자 구조를 다루는 동일 기술 분야의 선행기술로 볼 수 있다.
1605.06014v1,memory,kr_1020160093314,3,12.4192,False,"후보 문헌은 전자 섬유 증착 장치의 구조에 대한 것이고, 연구 아이디어는 HfO2 박막의 저항 변화 특성을 이용한 ReRAM 소자 연구이므로 기술적인 내용이 다르다.",False,"후보 문헌은 섬유 기판 증착 장치의 기계적 구동 구조에 관한 것으로, HfO2 기반 ReRAM의 저항 스위칭 현상이나 재료적 문제를 다루지 않는다."
1605.06014v1,memory,kr_1020080011204,4,12.2893,True,"두 기술 모두 HfO2 또는 금속 질화물 박막을 이용한 저항 변화 메모리(ReRAM) 소자 및 그 성능에 대한 내용을 다루고 있어, 같은 기술 문제를 다루고 있다고 판단됨.",True,두 문헌 모두 금속 산화/질화물 박막을 저항변화층으로 사용하는 ReRAM 소자 구조와 저항 스위칭 특성을 다루고 있어 선행기술 검토 대상으로 볼 수 있다.
1605.06014v1,memory,kr_1020090126150,5,11.5961,False,"연구 아이디어는 HfO2 박막의 저항 스위칭 현상에 대한 것이고, 후보 문헌은 전하 트랩형 메모리의 셀 구조에 대한 것이므로, 기술 수단과 해결하는 문제가 다르다.",False,"후보 문헌은 전하 트랩형 메모리 셀 구조에 관한 것으로, HfO2 기반 저항 변화 메모리(ReRAM)의 저항 스위칭 현상이라는 연구 아이디어의 기술 문제나 수단과 직접적인 연관성이 없다."
1605.06014v1,memory,kr_KR100630437B1,6,11.5784,True,"두 기술 모두 저항 변화를 이용한 비휘발성 메모리 장치에 관한 것으로, 가변 저항체를 사용하여 저항을 변화시키는 기술 수단을 다루고 있기 때문이다.",False,"후보 문헌은 폴리이미드 기반 유기물 저항 메모리에 관한 것으로, HfO2 산화물 기반 ReRAM의 저항 스위칭 메커니즘이나 재료 시스템과 직접적인 관련성이 없다."
1605.06014v1,memory,kr_KR1020060011478A,7,11.5483,False,"후보 문헌은 SONOS 구조의 비휘발성 메모리 소자에 대한 내용으로, 연구 아이디어의 ReRAM 소자와 다른 기술적 접근 방식을 다루고 있다.",False,"후보 문헌은 전하 트래핑 기반 SONOS 구조의 플래시 메모리에 관한 것으로, 연구 아이디어의 HfO2 기반 저항변화(ReRAM) 스위칭 메커니즘 및 소자 구조와 기술적 문제·수단이 다르다."
1605.06014v1,memory,kr_KR1020070062435A,8,11.3588,True,"두 문서 모두 저항 스위칭 메모리(ReRAM/RRAM) 소자 및 그 성능에 대해 다루고 있으며, 특히 HfO2 박막을 이용한 ReRAM과 단극/양극 스위칭 특성을 연구한다는 공통점을 가짐.",False,"후보 문헌은 HfO2 재료나 MOCVD 증착, 저항변화 스위칭 메커니즘이 아닌 단극 RRAM의 수직 스택 어레이 구조 및 다이오드 배치에 관한 것으로, 연구 아이디어의 재료/공정 및 스위칭 특성 분석과 기술적 초점이 다르다."
1605.06014v1,memory,kr_KR1020070086562A,9,10.956,False,"후보 문헌은 트랜지스터 구조와 제조에 관한 것이며, 저항 스위칭 현상이나 HfO2 박막을 이용한 ReRAM 소자에 대한 내용은 포함하고 있지 않아 연구 아이디어와 기술적 관련성이 낮다.",False,"후보 문헌은 나노도트 기반 비휘발성 메모리 트랜지스터 구조에 관한 것으로, HfO2 필름의 저항 스위칭 현상 및 ReRAM 소자와는 기술적 문제와 수단이 다르다."
1605.06014v1,memory,kr_KR1020010098415A,10,10.8853,True,"두 문서 모두 HfO2 박막의 증착에 사용되는 전구체 및 증착 방법(MOCVD, CVD, ALD)을 다루고 있어, 동일한 기술 문제를 해결하기 위한 기술 수단을 공유한다.",False,"이 문헌은 CVD/ALD용 전구체 소스 혼합물 조성에 관한 일반 특허로, HfO2 기반 ReRAM의 저항변화 스위칭 특성이나 소자 성능을 다루지 않아 연구 아이디어와 기술적 문제나 수단이 겹치지 않는다."
1701.07087v2,implant,kr_KR1020020047228A,1,11.5594,False,"후보 문헌은 3D 어레이 메모리 디바이스의 구조 및 제조 방법에 관한 것으로, 연구 아이디어에서 다루는 이온 임플란테이션으로 인한 결함 연구와는 기술적 내용이 상이하다.",False,"후보 문헌은 3차원 전하 저장 메모리 어레이 구조와 제조 공정(CMP 평탄화)에 관한 것으로, 이온 주입에 의한 결함 형성 및 결함 분광법 연구와는 기술 문제나 수단이 겹치지 않는다."
1701.07087v2,implant,kr_1020107007413,2,11.3963,False,"후보 문헌은 메모리 셀 구조에 대한 것이며, 연구 아이디어는 이온 임플란테이션으로 인한 결함 연구 방법론에 대한 것이므로 기술적 초점이 다르다.",False,"후보 문헌은 메모리 셀의 박막 게이트 구조 자체를 다루며, 연구 아이디어의 핵심인 이온 주입에 의한 결함 형성 및 결함 분광 분석 기법과는 기술적 문제나 수단이 겹치지 않는다."
1701.07087v2,implant,kr_1020140047673,3,10.7539,False,"연구 아이디어는 CMOS 기술에서 이온 임플란테이션으로 인한 결함 연구 방법론을 다루고, 후보 문헌은 그래핀 제조 방법에 관한 것으로, 기술 문제 및 수단이 상이함.",False,"후보 문헌은 그래핀 제조 및 굽힘 트랜지스터 제조방법에 관한 것으로, 이온 임플란테이션에 의한 결함 형성 및 결함 분광학적 분석이라는 연구 아이디어의 기술 문제나 수단과 무관하다."
1701.07087v2,implant,kr_KR100630437B1,4,10.6674,False,"후보 문헌은 유기물 저항 메모리 장치에 관한 것으로, 연구 아이디어에서 다루는 이온 임플란테이션으로 인한 결함 및 결함 분석 방법에 대한 기술과는 관련이 없습니다.",False,"후보 문헌은 폴리이미드 기반 유기 저항 메모리 소자 및 그 제조에 관한 것으로, 이온 주입에 의한 결함 형성 및 결함 분광법을 다루는 연구 아이디어와 기술 문제나 기술 수단이 겹치지 않는다."
1701.07087v2,implant,kr_KR1020150119815A,5,9.7867,False,"연구 아이디어는 이온 임플란테이션으로 인한 결함 연구에 관한 것이고, 후보 문헌은 플라즈마 에칭을 이용한 나노구조물 제조 방법에 관한 것으로, 기술 수단과 다루는 문제가 다르다.",False,후보 문헌은 CMOS 이온주입 결함 및 결함 분광법과 무관하게 합금 기재의 플라즈마 에칭을 통한 중금속 나노구조물 형성 기술을 다룬다.
1701.07087v2,implant,kr_KR1020090008003A,6,9.5499,True,"두 문서 모두 CMOS 소자 제조 과정에서 이온 주입(불순물 주입)을 다루고 있으며, 이온 주입으로 인한 결함 및 그 특성 연구가 중요한 기술적 문제로 연결됨.",False,"후보 문헌은 스트레인드 채널 CMOS 제조공정(SiGe 에피, 응력막)에 관한 것으로 이온주입에 의한 결함 형성 및 결함 분광법 연구라는 아이디어의 핵심 기술 문제나 수단과 무관하다."
1701.07087v2,implant,us_US20110121379A1,7,9.5499,False,"연구 아이디어는 이온 임플란테이션으로 인한 결함 연구 방법론에 대한 것이고, 후보 문헌은 비휘발성 메모리 셀 구조 및 이온 임플란테이션을 이용한 소자 성능 향상에 관한 것으로, 다루는 기술 문제가 다르다.",False,"후보 문헌은 CMOS 비휘발성 메모리 셀의 구조 및 프로그램/소거 속도 개선을 다루며, 이온 주입에 의한 결함 형성이나 결함 분광학적 특성화라는 연구 아이디어의 핵심 기술 문제와는 무관하다."
1701.07087v2,implant,kr_1020230142437,8,9.4794,False,"후보 문헌은 산화 갈륨-탄화 규소 포토디텍터 제조 방법에 대한 내용으로, 연구 아이디어에서 다루는 이온 임플란테이션으로 인한 결함 연구와 기술적 연관성이 낮습니다.",False,"후보 문헌은 산화갈륨-탄화규소 포토디텍터의 제조 공정(스퍼터링, 전극 증착, 열처리)을 다루며 이온빔 주입에 의한 결함 및 결함 분광법 연구와는 기술 문제나 수단이 겹치지 않는다."
1701.07087v2,implant,kr_1020220078082,9,9.3624,False,"후보 문헌은 패시베이션 화합물 및 박막 형성에 관한 것으로, 연구 아이디어에서 다루는 이온 임플란테이션으로 인한 결함 연구와는 기술적 내용 및 문제 해결 방식이 다르다.",False,후보 문헌은 이온빔 유도 결함이나 CMOS 결함 분광학과 무관한 표면 패시베이션 화합물 및 박막 형성 방법에 관한 것으로 연구 아이디어와 기술적 문제나 수단이 겹치지 않는다.
1701.07087v2,implant,kr_KR1020110013356A,10,9.1277,False,"후보 문헌은 종이 기반의 전계 효과 트랜지스터 및 메모리 장치 제조에 관한 것으로, 연구 아이디어인 이온 임플란테이션으로 인한 CMOS 결함 연구와는 기술적 문제 및 수단이 다르다.",False,"후보 문헌은 종이 기반 유전체를 이용한 비휘발성 메모리 전계효과 트랜지스터 제조 공정에 관한 것으로, 이온빔에 의한 결함 형성 및 결함 분광법을 다루는 연구 아이디어와 기술 문제 및 기술 수단이 전혀 겹치지 않는다."
1103.5322v1,implant,kr_1020117011375,1,4.6804,False,"연구 아이디어는 Gd 이온 주입에 의한 GaN, Si, sapphire의 자성 변화 메커니즘을 다루고, 후보 문헌은 실리콘 기반 나노 크로스바 메모리 구조를 설명하므로 기술적인 내용이 다르다.",False,"후보 문헌은 나노와이어 크로스바 저항 메모리 소자에 관한 것으로, Gd 이온 주입에 의한 반도체/절연체의 거대 자기모멘트 및 결함 기반 자성 메커니즘이라는 연구 아이디어의 기술 문제나 수단과 무관하다."
1103.5322v1,implant,kr_1020120111603,2,4.6804,False,"후보 문헌은 ReRAM 소자 제조 방법에 관한 것으로, 연구 아이디어의 Gd 이온 주입을 통한 GaN 등의 자성 연구와 기술적 내용 및 해결하려는 문제가 다르다.",False,"후보 문헌은 ReRAM 저항 스위칭 메모리 소자의 전도성 필라멘트 제어 제조 방법에 관한 것으로, Gd 이온 임플란트를 통한 반도체/절연체의 거대 자기모멘트 및 결함 기반 자성 메커니즘을 다루는 연구 아이디어와 기술 문제나 수단이 겹치지 않는다."
1103.5322v1,implant,kr_1020220078082,3,4.6804,False,"연구 아이디어는 Gd 이온 주입에 의한 GaN, Si, sapphire 기판의 자성 변화를 다루고, 후보 문헌은 반도체 기판의 패시베이션 화합물에 관한 것으로, 기술적인 문제나 수단이 상이함.",False,"후보 문헌은 반도체 표면 패시베이션 화합물 및 박막 형성 방법에 관한 것으로, Gd 이온 주입에 의한 결함 기반 거대 자기모멘트 현상을 다루는 연구 아이디어와 기술 문제 및 수단이 전혀 무관하다."
1103.5322v1,implant,kr_1020240025544,4,4.6804,False,"후보 문헌은 박막 형성 물질의 결합 에너지에 대한 내용으로, 연구 아이디어의 Gd 이온 주입을 통한 GaN, Si, sapphire에서의 거대 자기 모멘트 및 그 메커니즘과는 기술적 내용이 상이함.",False,"후보 문헌은 박막 형성용 화학물질의 결합해리에너지 계산에 관한 것으로, Gd 이온주입 및 반도체/절연체의 유도 자성 메커니즘을 다루는 연구 아이디어와 기술 문제 및 기술 수단이 전혀 겹치지 않는다."
1103.5322v1,implant,kr_KR100630437B1,5,4.6804,False,"연구 아이디어는 Gd 이온 주입에 의한 GaN 등의 자성 변화를 다루고, 후보 문헌은 폴리이미드막 기반의 비휘발성 저항 메모리 장치를 다루므로 기술 분야와 해결하려는 문제가 다르다.",False,"후보 문헌은 폴리이미드 기반 유기물 저항 메모리 소자에 관한 것으로, Gd 이온 주입에 의한 자성 유도 메커니즘을 다루는 연구 아이디어와 기술 문제나 기술 수단이 전혀 겹치지 않는다."
1103.5322v1,implant,kr_KR100786707B1,6,4.6804,False,"연구 아이디어는 Gd 이온 주입에 의한 GaN 등의 자성 변화 메커니즘을 다루고, 후보 문헌은 불휘발성 메모리 장치의 구조 및 제조 방법에 관한 것으로, 기술적인 문제와 수단이 서로 다르다.",False,"후보 문헌은 비휘발성 메모리 소자의 전하 트랩막 구조에 관한 것으로, Gd 이온 주입에 의한 반도체/절연체의 거대 자기모멘트 및 결함 기반 자성 메커니즘이라는 연구 아이디어의 기술 문제나 수단과 무관하다."
1103.5322v1,implant,kr_KR1020010098415A,7,4.6804,False,"후보 문헌은 필름 증착을 위한 전구체 혼합물에 관한 것으로, 연구 아이디어인 Gd 이온 주입된 GaN의 자기적 특성에 대한 연구와 기술적인 연관성이 없다.",False,"후보 문헌은 CVD/ALD용 전구체 소스 혼합물 제조에 관한 것으로, Gd 이온 임플란테이션에 의한 자성 유도 메커니즘 연구와는 기술 문제나 수단이 무관하다."
1103.5322v1,implant,kr_KR1020040007480A,8,4.6804,False,"후보 문헌은 유기 반사 방지막 식각 방법에 관한 것으로, 연구 아이디어인 Gd 이온 주입된 GaN 등의 자성 특성에 대한 연구와 기술적인 내용이 다르다.",False,"후보 문헌은 유기 반사 방지막의 플라즈마 식각 공정에 관한 것으로, Gd 이온주입에 의한 반도체/절연체의 유도 자성 메커니즘을 다루는 연구 아이디어와 기술 문제 및 기술 수단이 전혀 다르다."
1103.5322v1,implant,kr_KR1020040069492A,9,4.6804,False,"연구 아이디어는 Gd 이온 주입된 GaN 등의 자성 특성 변화를 다루고, 후보 문헌은 나노 구조 기반 커패시터 소자 및 제조 방법에 대한 내용으로, 기술적인 문제 및 수단이 상이함.",False,"연구 아이디어는 Gd 이온주입 반도체/절연체의 자기적 특성(결함 기반 거대 모멘트)에 관한 것이고, 후보 문헌은 나노구조물 기반 DRAM 커패시터 제조 기술로 기술 문제와 수단이 전혀 다르다."
1103.5322v1,implant,kr_KR1020070086562A,10,4.6804,False,"후보 문헌은 트랜지스터 구조 및 제조에 관한 것으로, 연구 아이디어인 Gd 이온 주입된 GaN 등의 자성 특성 연구와 기술적인 연관성이 없습니다.",False,"후보 문헌은 스케일가능한 로직/비휘발성 메모리 트랜지스터 구조에 관한 것으로, Gd 이온 주입에 의한 반도체·절연체의 자성 유도 메커니즘을 다루는 연구 아이디어와 기술 문제나 수단이 겹치지 않는다."
1002.4934v1,implant,kr_KR1020170046093A,1,14.4789,False,"후보 문헌은 게이트 구조와 도핑된 스페이서에 관한 것이며, 연구 아이디어는 이온 주입된 실리콘 전계 효과 트랜지스터의 결함을 DLTS로 분석하고 어닐링 전략을 연구하는 내용으로, 기술적인 초점이 다르다.",False,"후보 문헌은 게이트 스택 및 스페이서 도핑 구조에 관한 반도체 소자 형성 방법을 다루며, 연구 아이디어의 이온주입 결함 및 DLTS 분석, 스핀 종속 수송 소자 개발과는 기술적 문제나 수단이 다르다."
1002.4934v1,implant,kr_1020230142437,2,13.2795,False,"후보 문헌은 산화 갈륨-탄화 규소 포토디텍터 제조 방법에 관한 것으로, 연구 아이디어의 이온 주입된 실리콘 전계 효과 트랜지스터 및 DLTS 분석과는 기술적인 내용과 목표가 다르다.",False,"후보 문헌은 산화갈륨-탄화규소 포토디텍터 제조에 관한 것으로, 이온주입 실리콘 소자의 DLTS 결함 분석 및 스핀 의존 수송용 트랜지스터 개발이라는 연구 아이디어의 기술 문제나 수단과 관련이 없다."
1002.4934v1,implant,kr_1020100078538,3,12.8901,True,두 기술 모두 이온 주입(ion implantation)과 어닐링(annealing)을 활용하여 반도체 소자의 특성을 개선하는 방법을 다루고 있기 때문이다.,False,"후보 문헌은 터널 절연층 및 비휘발성 메모리 소자 제조를 위한 이온주입/어닐링 공정에 관한 것으로, 스핀 의존 전송 실험용 FET 개발을 위한 DLTS 결함 분석이라는 연구 아이디어의 기술 문제 및 수단과 직접적인 관련성이 낮다."
1002.4934v1,implant,us_US20040048157A1,4,10.9481,False,"연구 아이디어는 이온 주입된 실리콘 전계 효과 트랜지스터의 결함 분석 및 특성 개선에 관한 반면, 후보 문헌은 리튬 바나듐 산화막 박막 배터리의 제조 및 사용에 관한 것으로, 기술적인 문제와 수단이 완전히 다르다.",False,"후보 문헌은 리튬 바나듐 산화물 박막 배터리에 관한 것으로, 이온 주입 실리콘 소자의 DLTS 결함 분석 및 어닐링 공정과 기술적 문제나 수단이 전혀 겹치지 않는다."
1002.4934v1,implant,kr_1020090005381,5,10.9452,False,"후보 문헌은 메모리 소자 제조 방법에 관한 것으로, 연구 아이디어의 스핀 수송을 위한 이온 주입 실리콘 전계 효과 트랜지스터 및 DLTS 분석과는 기술적인 내용이 다르다.",False,"후보 문헌은 나노결정 실리사이드 메모리 소자 제조 공정을 다루며, DLTS 기반 이온주입 결함 분석이나 스핀 의존 수송용 실리콘 FET 개발과는 기술 문제나 수단이 겹치지 않는다."
1002.4934v1,implant,us_US20130168666A1,6,10.4247,False,"후보 문헌은 일반적인 반도체 소자 구조 및 제조 방법에 대한 것이며, 연구 아이디어처럼 이온 주입된 실리콘 전계 효과 트랜지스터의 스핀 의존 수송 특성을 위한 심층 수준 일시적 분광법(DLTS) 연구를 다루지 않습니다.",False,"후보 문헌은 일반적인 반도체 소자 구조와 제조 방법에 관한 것으로, 이온 임플란트 결함, DLTS 분석, 스핀 의존 전송 등 연구 아이디어의 핵심 기술 문제나 수단을 다루지 않는다."
1002.4934v1,implant,kr_KR1020200133594A,7,10.3502,False,"연구 아이디어는 이온 주입된 실리콘 전계 효과 트랜지스터의 결함을 분석하고 개선하는 DLTS 연구에 관한 것이고, 후보 문헌은 산화갈륨 쇼트키 다이오드의 구조 및 제조 방법에 관한 것이므로, 기술적인 문제나 수단이 겹치지 않습니다.",False,"후보 문헌은 산화갈륨 기반 쇼트키 다이오드 제조에 관한 것으로, DLTS를 이용한 이온주입 실리콘 FET의 결함 분석 및 스핀 의존 수송 소자 개발이라는 연구 아이디어와 기술적 문제나 수단이 겹치지 않는다."
1002.4934v1,implant,us_US20070072439A1,8,9.855,False,"연구 아이디어는 이온 주입된 실리콘 전계 효과 트랜지스터의 스핀 수송 특성을 위한 심층 레벨 일시적 분광법 연구에 관한 것이고, 후보 문헌은 산화물 반도체 박막 트랜지스터 제조에 관한 것으로, 기술 문제와 수단이 다르다.",False,"후보 문헌은 산화물 반도체 박막트랜지스터 제조 방법에 관한 것으로, 이온 주입 실리콘의 DLTS 결함 분석 및 스핀 의존 수송 소자 개발이라는 연구 아이디어의 기술 문제나 수단과 무관하다."
1002.4934v1,implant,kr_1020090089522,9,9.8545,False,"후보 문헌은 불휘발성 메모리 소자 제조 방법에 관한 것으로, 연구 아이디어의 스핀 수송을 위한 이온 주입 실리콘 전계 효과 트랜지스터 및 DLTS 분석과는 기술적 내용이 다르다.",False,"후보 문헌은 비휘발성 메모리 소자의 트렌치 소자분리 및 캡핑막 제조 공정을 다루며, DLTS를 이용한 이온주입 결함 분석이나 스핀 의존 수송 소자 개발이라는 연구 아이디어의 기술 문제나 수단과 무관하다."
1002.4934v1,implant,us_US20180076326A1,10,9.7118,False,"연구 아이디어는 이온 주입된 실리콘 트랜지스터의 결함 분석 및 개선에 관한 것이고, 후보 문헌은 FinFET 소자의 소스/드레인 구조에 관한 것이므로 기술적인 문제와 수단이 다르다.",False,"후보 문헌은 FinFET 구조의 소스/드레인 저항 감소를 위한 에피택셜 성장 기술을 다루며, 이온주입 결함 및 DLTS 분석을 통한 스핀 의존 수송 소자 개발과는 기술 문제나 수단이 겹치지 않는다."
0809.1113v1,implant,kr_KR1020170046093A,1,13.1184,False,"후보 문헌은 게이트 구조 및 도핑된 스페이서에 관한 것으로, 연구 아이디어에서 다루는 불균형 전이 금속 원자의 확산 문제와는 기술적 내용이 다르다.",False,"후보 문헌은 게이트 구조물 및 도핑된 스페이서 형성 방법에 관한 소자 구조 특허로, 격자간 불순물의 비정상 확산 방정식 해석적 해법이라는 연구 아이디어의 기술 문제나 수단과 무관하다."
0809.1113v1,implant,kr_KR1020200133594A,2,11.8133,False,"연구 아이디어는 반도체 내 불순물 확산 현상 모델링에 관한 것이고, 후보 문헌은 쇼트키 다이오드 구조 및 제조 방법에 관한 것이므로, 다루는 기술 문제나 수단이 다르다.",False,"후보 문헌은 산화갈륨 쇼트키 다이오드 소자 구조에 관한 것으로, 이온주입 불순물의 비정상 확산방정식의 그린함수 해석해 연구와 기술 문제나 수단이 겹치지 않는다."
0809.1113v1,implant,kr_1020230142437,3,10.2439,False,"후보 문헌은 포토디텍터 제조 방법에 관한 것으로, 연구 아이디어에서 다루는 불균형 전이 금속 불순물의 확산 문제와 기술적 수단이 다르다.",False,"후보 문헌은 산화갈륨-탄화규소 포토디텍터 제조 공정을 다루며, 연구 아이디어의 격자간 불순물 확산 방정식의 그린함수 해법이나 이온주입 후 붕소 재분포 문제와 기술적 문제나 수단이 겹치지 않는다."
0809.1113v1,implant,us_US20040048157A1,4,9.5877,False,"연구 아이디어는 반도체 내 불순물 확산 모델링에 관한 것이고, 후보 문헌은 리튬-바나듐 산화막 박막 배터리에 관한 것으로, 다루는 기술 분야와 문제가 완전히 다르다.",False,"후보 문헌은 리튬 바나듐 산화물 박막 배터리에 관한 것으로, 반도체 불순물 확산 및 이온주입 프로파일 모델링이라는 연구 아이디어의 기술 문제나 수단과 무관하다."
0809.1113v1,implant,us_US20130221527A1,5,9.5447,False,"연구 아이디어는 반도체 내 불순물 확산 모델링에 관한 것이고, 후보 문헌은 금속 배선 구조의 전기 이동 저항에 관한 것으로, 다루는 기술 문제와 수단이 다르다.",False,"후보 문헌은 금속 캡 인터커넥트 구조 및 전자이동 저항성에 관한 것으로, 이온주입 불순물의 비정상 확산 및 그린함수 해석과 무관하다."
0809.1113v1,implant,kr_KR100630437B1,6,9.5339,False,"연구 아이디어는 반도체 내 불순물 확산 모델링에 관한 것이고, 후보 문헌은 유기물 저항 메모리 장치에 관한 것으로, 다루는 기술 문제와 수단이 다르다.",False,"후보 문헌은 유기물 저항 메모리 소자 구조에 관한 것으로, 이온 주입 불순물의 비정상 확산 및 그린함수 해석에 관한 연구 아이디어와 기술 문제나 수단이 겹치지 않는다."
0809.1113v1,implant,kr_1020090089522,7,8.7614,False,"후보 문헌은 불휘발성 메모리 소자 제조 방법에 관한 것으로, 연구 아이디어에서 다루는 비정상 확산 방정식 및 불순물 원자 이동과는 기술적 내용이 상이하다.",False,"후보 문헌은 비휘발성 메모리 소자의 제조 공정(캡핑막, 소자분리막 형성)에 관한 것으로, 격자간 불순물 확산의 그린함수 해석적 모델링이라는 연구 아이디어의 기술 문제나 수단과 무관하다."
0809.1113v1,implant,kr_1020100078538,8,8.7614,True,"두 기술 모두 이온 주입 후 어닐링 과정을 포함하며, 불균형 불순물의 확산 및 재분배를 다루고 있어 관련성이 있다.",False,"후보 문헌은 터널 절연층 및 비휘발성 메모리 소자의 제조 공정에 관한 것으로, 연구 아이디어의 핵심인 비정상 확산 방정식의 그린 함수 해법이나 이온 주입 불순물의 장거리 이동 모델링과는 기술적 문제나 수단이 겹치지 않는다."
0809.1113v1,implant,kr_KR1020080010623A,9,8.7614,False,"연구 아이디어는 반도체 내 불순물 확산 모델링에 관한 것이고, 후보 문헌은 비휘발성 메모리 소자 구조 및 제조 방법에 관한 것으로, 다루는 기술 문제와 수단이 다르다.",False,"후보 문헌은 전하 트랩층 기반 비휘발성 메모리 소자 구조에 관한 것으로, 이온 주입 불순물의 비정상 확산 및 그린 함수 해석해와는 기술 문제나 수단이 전혀 다르다."
0809.1113v1,implant,kr_1020100068373,10,8.6738,False,"후보 문헌은 반도체 소자 제조 방법에 관한 것으로, 연구 아이디어에서 다루는 불균형 전이 금속 불순물의 확산 현상과는 기술적 내용이 다르다.",False,"후보 문헌은 실리사이드 형성을 위한 RTA 공정을 포함한 소자 제조 공정 특허로, 연구 아이디어의 확산방정식 기반 불평형 침입형 불순물 이동 해석 및 이온주입 붕소 확산 모델링과는 기술 문제와 수단이 다르다."
2507.17972v1,implant,kr_1020240025544,1,7.119,False,"후보 문헌은 박막 형성 물질의 결합 에너지에 대한 내용으로, 연구 아이디어에서 다루는 디락 반금속의 카이랄 이상 현상 조절 및 이온 주입 기술과는 기술적 내용이 상이하다.",False,"후보 문헌은 요오드 결합해리에너지 기반 박막 형성 물질에 관한 것으로, Cd3As2 디락 반도체의 이온주입 기반 카이럴 이상 신호 조율이라는 연구 주제와 기술적 문제나 수단이 전혀 겹치지 않는다."
2507.17972v1,implant,kr_KR100630437B1,2,7.119,False,"후보 문헌은 유기물 저항 메모리 장치에 관한 것으로, 연구 아이디어의 디락 반금속 기반 키랄 이상 현상 증폭과는 기술적인 내용과 적용 분야가 다르다.",False,"후보 문헌은 폴리이미드 기반 유기 저항 메모리 소자에 관한 것으로, Dirac 반금속의 카이럴 이상 및 이온 주입을 통한 자기저항 조절이라는 연구 아이디어와 기술 문제 및 수단이 전혀 다르다."
2507.17972v1,implant,kr_KR1020010098415A,3,7.119,False,"후보 문헌은 필름 증착을 위한 전구체 혼합물에 관한 것으로, 연구 아이디어인 디락 반금속의 키랄 이상 신호 조절과는 기술적인 내용이 다르다.",False,"후보 문헌은 CVD/ALD용 전구체 소스 혼합물 제조에 관한 것으로, Dirac 반금속의 카이럴 이상 및 이온 주입 기반 물성 튜닝이라는 연구 아이디어의 기술 문제나 수단과 무관하다."
2507.17972v1,implant,kr_KR1020080043173A,4,7.119,False,"후보 문헌은 반도체 메모리 소자 제조 기술에 관한 것으로, 연구 아이디어인 디락 반금속에서의 카이랄 이상 신호 조절과는 기술적인 문제 및 수단이 다르다.",False,"후보 문헌은 저항성 메모리 소자 구조 및 제조 공정에 관한 것으로, 디락 반금속의 카이랄 이상 현상이나 이온 주입을 통한 물성 조절이라는 연구 아이디어의 기술 문제나 수단과 무관하다."
2507.17972v1,implant,kr_1020177033163,5,6.4062,False,"후보 문헌은 반도체 구조체의 금속 채움 기술에 관한 것으로, 연구 아이디어에서 다루는 디락 반금속의 카이랄 이상 현상 조절 및 이온 주입 기술과는 기술적 내용과 해결하려는 문제가 다르다.",False,"후보 문헌은 반도체 배선 트렌치의 금속 충진 공정 구조에 관한 것으로, 디락 반금속의 카이럴 이상 현상 및 이온 주입을 통한 물성 조절이라는 연구 아이디어의 기술 문제나 수단과 무관하다."
2507.17972v1,implant,kr_KR1020060011478A,6,6.4062,False,"후보 문헌은 비휘발성 메모리 소자 및 제조 방법에 관한 것으로, 연구 아이디어인 디락 반금속에서의 키랄 이상 신호 조절과는 기술적인 내용과 응용 분야가 완전히 다르다.",False,"후보 문헌은 SONOS 비휘발성 메모리 소자 구조에 관한 것으로, 디락 반금속의 카이랄 어노말리 및 이온 임플란테이션을 통한 물성 제어와는 기술 분야와 수단이 전혀 다르다."
2507.17972v1,implant,kr_1020147006805,7,6.2431,False,"후보 문헌은 저항 변화 메모리 소자의 구조에 관한 것으로, 연구 아이디어에서 다루는 디락 반금속의 카이랄 이상 현상 증폭과는 기술적인 내용이 전혀 다르다.",False,"후보 문헌은 상변화 메모리 소자의 전극 구조에 관한 것으로, 디락 반금속의 카이럴 이상 현상이나 이온 주입을 통한 물성 조절과 기술적 문제나 수단이 전혀 겹치지 않는다."
2507.17972v1,implant,kr_KR100855975B1,8,6.2431,False,"후보 문헌은 반도체 메모리 소자 제조 기술에 관한 것으로, 연구 아이디어인 디락 반금속에서의 카이랄 이상 신호 조절과는 기술적인 문제 및 수단이 다르다.",False,"후보 문헌은 저항성 메모리 소자의 배선 및 비아홀 구조에 관한 것으로, 디락 반금속의 카이랄 이상 및 이온 주입 기반 물성 튜닝이라는 연구 아이디어의 기술 문제나 수단과 무관하다."
2507.17972v1,implant,kr_KR1020220012632A,9,6.2431,False,"후보 문헌은 금속 산화물 박막의 유전율 감소를 위한 ALD 및 열처리 공정에 관한 것으로, 연구 아이디어의 Dirac semimetal의 chiral anomaly 조절 및 NLMR 향상과는 기술적 내용과 목표가 다르다.",False,"후보 문헌은 ALD 금속 산화물 박막의 유전율 감소를 위한 열처리 공정을 다루며, 카이랄 이상 및 이온 임플란테이션을 이용한 디락 반금속의 자기수송 특성 조절과는 기술 문제와 수단이 전혀 다르다."
2507.17972v1,implant,kr_1020120111603,10,5.9855,True,"두 기술 모두 이온 임플란트를 사용하여 물질의 전기적 특성을 변화시키는 방법을 다루고 있으며, 특히 후보 문헌은 금속 이온 임플란트를 통해 전도성 필라멘트를 형성하는 과정을 설명하므로 연구 아이디어와 관련성이 있습니다.",False,"후보 문헌은 ReRAM 소자의 전도성 필라멘트 제어를 위한 금속 임플란트 공정 기술로, 연구 아이디어의 디락 반금속에서 카이랄 이상 신호를 조절하는 이온 임플란테이션 응용과 기술 문제 및 목적이 상이하다."
2508.04715v1,implant,kr_1020220078082,1,7.2367,False,"연구 아이디어는 2D 물질에 이온 주입을 통한 스핀트로닉스 특성 제어에 관한 것이고, 후보 문헌은 반도체 기판 패시베이션 화합물에 관한 것으로 기술적인 내용이 다르다.",False,"후보 문헌은 반도체 표면 패시베이션 화합물 및 박막 형성에 관한 것으로, 2D 자성 물질의 이온 주입을 통한 스핀트로닉스 특성 조절이라는 연구 아이디어와 기술적 문제나 수단이 겹치지 않는다."
2508.04715v1,implant,kr_1020240025544,2,7.2367,False,"후보 문헌은 박막 형성 물질의 결합 에너지에 대한 내용으로, 연구 아이디어에서 다루는 2D 물질의 이온 주입을 통한 자기적 특성 변화와 기술적 연관성이 낮습니다.",False,"후보 문헌은 아이오딘 화합물 기반 박막 형성 물질의 결합해리에너지에 관한 것으로, 2D Cr2Ge2Te6의 이온주입을 통한 스핀트로닉스 특성 조절이라는 연구 아이디어와 기술 문제나 기술 수단이 전혀 겹치지 않는다."
2508.04715v1,implant,kr_KR100630437B1,3,7.2367,False,"후보 문헌은 유기물 저항 메모리 장치에 관한 것으로, 연구 아이디어의 2D 반도체 재료에 이온 주입을 통한 스핀트로닉스 특성 제어와는 기술 분야 및 다루는 문제가 다르다.",False,"후보 문헌은 폴리이미드 기반 유기물 저항 메모리 소자에 관한 것으로, 2D 자성체 Cr2Ge2Te6에 대한 이온주입 및 스핀트로닉스 특성 조절이라는 연구 아이디어와 기술 문제 및 기술 수단이 전혀 다르다."
2508.04715v1,implant,kr_KR1020010098415A,4,7.2367,False,"후보 문헌은 필름 증착을 위한 전구체 혼합물에 관한 것으로, 2D 물질의 자기적 특성 조절을 위한 이온 주입과는 기술적 관련성이 낮다.",False,"이 문헌은 CVD/ALD용 전구체 소스 혼합물에 관한 것으로, 2D Cr2Ge2Te6의 Au 이온주입 및 스핀트로닉스 특성 조사와 기술적 문제나 수단이 겹치지 않는다."
2508.04715v1,implant,kr_KR1020040007480A,5,7.2367,False,"후보 문헌은 유기 반사 방지막의 플라즈마 식각 방법에 관한 것으로, 연구 아이디어인 2D 물질에 이온을 주입하여 스핀트로닉스 특성을 조절하는 것과는 기술적인 문제와 수단이 다르다.",False,"후보 문헌은 유기 반사 방지막 플라즈마 식각 공정에 관한 것으로, 2D Cr2Ge2Te6의 이온 임플란테이션을 통한 스핀트로닉스 자성 특성 조절이라는 연구 아이디어와 기술 문제나 수단이 겹치지 않는다."
2508.04715v1,implant,kr_KR1020080043173A,6,7.2367,False,"후보 문헌은 반도체 메모리 소자 제조 기술에 관한 것으로, 연구 아이디어인 2D 물질에 이온을 주입하여 스핀트로닉스 특성을 조절하는 기술과는 기술적 내용 및 적용 분야가 다르다.",False,"후보 문헌은 저항성 메모리 소자 구조 및 제조 공정에 관한 것으로, 2D 자성체의 이온 주입을 통한 스핀트로닉스 특성 조절이라는 연구 아이디어의 기술 문제나 수단과 무관하다."
2508.04715v1,implant,kr_KR1020140096669A,7,7.2367,False,"후보 문헌은 일반적인 반도체 장치 구조 및 제조 방법에 관한 것으로, 2D 물질의 이온 주입을 통한 스핀트로닉스 특성 제어라는 연구 아이디어와 기술적 관련성이 낮습니다.",False,"후보 문헌은 관통전극(TSV) 반도체 소자의 노이즈 차폐 구조에 관한 것으로, 2D 자성 물질의 이온 임플란테이션을 통한 스핀트로닉스 물성 조절이라는 연구 주제와 기술 문제나 수단이 전혀 겹치지 않는다."
2508.04715v1,implant,kr_1020220022728,8,6.4136,False,"후보 문헌은 반도체 기판 형성을 위한 전구체 조성물에 관한 것으로, 연구 아이디어에서 다루는 2D 물질의 이온 주입을 통한 스핀트로닉스 특성 제어와 기술적 연관성이 낮습니다.",False,"후보 문헌은 박막 전구체 화합물 조성물 관련 특허로, 2D Cr2Ge2Te6의 이온주입을 통한 스핀트로닉스 자성 특성 튜닝이라는 연구 아이디어와 기술 문제 및 수단이 전혀 겹치지 않는다."
2508.04715v1,implant,kr_KR1020170046093A,9,6.4136,False,"후보 문헌은 게이트 구조와 관련된 반도체 소자 제조 기술을 다루고 있으며, 연구 아이디어는 2D 물질에 이온 주입을 통한 스핀트로닉스 특성 제어에 관한 것으로, 기술적인 문제와 수단이 상이하다.",False,"후보 문헌은 CMOS 게이트 스택 및 스페이서 도핑 구조에 관한 것으로, 2D 반강자성 물질의 이온 주입을 통한 스핀트로닉스 특성 조절이라는 연구 아이디어와 기술 분야, 문제, 수단이 전혀 겹치지 않는다."
2508.04715v1,implant,kr_KR1020190001455A,10,6.3608,False,"후보 문헌은 강유전성 메모리 장치에 관한 것으로, 연구 아이디어인 2D $Cr_2Ge_2Te_6$에 대한 Au 이온 주입을 통한 스핀트로닉스 특성 제어와 기술적인 관련성이 없습니다.",False,"후보 문헌은 강유전성 메모리 장치의 계면 유전층 구조에 관한 것으로, 2D 자성체 Cr2Ge2Te6의 이온주입을 통한 스핀트로닉스 자성 특성 조절이라는 연구 아이디어와 기술적 문제 및 수단이 전혀 다르다."
2603.06398v1,implant,kr_KR100630437B1,1,9.609,False,"후보 문헌은 유기물 저항 메모리 장치에 관한 것으로, 연구 아이디어의 β-Ga2O3 반도체 이온 주입 시 비등방성 응답과는 기술적 내용이 상이하다.",False,"후보 문헌은 폴리이미드 기반 유기 저항 메모리 소자에 관한 것으로, β-Ga2O3의 이온 주입에 따른 결함 형성 및 이방성 응력/변형 거동을 다루는 연구 아이디어와 기술 문제나 수단이 전혀 겹치지 않는다."
2603.06398v1,implant,kr_KR1020010098415A,2,9.609,False,"The research idea focuses on the anisotropic response of β-Ga2O3 to ion implantation, specifically strain-stress dynamics and phase transitions, while the candidate document describes precursor source mixtures for CVD/ALD film deposition, covering a broad range of materials and lacking any discussio",False,"후보 문헌은 CVD/ALD용 전구체 소스 혼합물에 관한 것으로, β-Ga2O3 이온 주입에 따른 이방성 변형·응력 및 상전이 현상을 다루는 연구 아이디어와 기술 문제나 수단이 겹치지 않는다."
2603.06398v1,implant,kr_KR1020080043173A,3,9.609,False,"후보 문헌은 반도체 메모리 소자 제조에 관한 것으로, 연구 아이디어인 β-Ga₂O₃의 이온 주입에 대한 변형 응력 및 상전이 연구와 기술적 내용이 다르다.",False,"후보 문헌은 저항성 메모리 소자 구조 및 제조 방법에 관한 것으로, β-Ga2O3 이온 임플란테이션에 의한 결함 형성 및 이방성 응력/변형 거동 연구와는 기술 문제와 수단이 전혀 다르다."
2603.06398v1,implant,kr_KR1020140096669A,4,9.609,False,"후보 문헌은 반도체 장치의 구조 및 제조 방법에 관한 것으로, 연구 아이디어인 β-Ga₂O₃의 이온 주입에 대한 비등방성 응답과는 기술적 내용이 상이하다.",False,"후보 문헌은 관통전극(TSV)과 노이즈 차폐를 위한 반도체 소자 구조에 관한 것으로, β-Ga2O3 이온 주입에 의한 결함 형성 및 이방성 응력/변형 거동을 다루는 연구 아이디어와 기술적 문제나 수단이 전혀 겹치지 않는다."
2603.06398v1,implant,kr_KR100786707B1,5,8.1458,False,"The research idea focuses on the anisotropic response of β-Ga2O3 to ion implantation and its impact on material properties, while the candidate document describes a non-volatile memory device and its fabrication process, addressing a different technical problem and utilizing different materials and ",False,"후보 문헌은 비휘발성 메모리 소자의 전하 트랩막 구조 및 제조 방법에 관한 것으로, β-Ga2O3 이온주입에 의한 결함/응력·상변화 현상을 다루는 연구 아이디어와 기술 문제나 수단이 전혀 겹치지 않는다."
2603.06398v1,implant,kr_KR1020040069492A,6,8.1458,False,"후보 문헌은 나노 구조 기반 커패시터 소자 및 제조 방법에 관한 것으로, 연구 아이디어인 β-Ga₂O₃의 이온 주입에 대한 변형 응력 및 상전이 연구와 기술적 연관성이 없습니다.",False,"후보 문헌은 나노구조물 기반 DRAM 커패시터 제조 기술로, 이온주입에 의한 β-Ga2O3의 결정학적 변형/응력 및 상전이를 다루는 연구 아이디어와 기술 문제나 수단이 전혀 겹치지 않는다."
2603.06398v1,implant,kr_KR1020070086562A,7,8.1458,False,"후보 문헌은 트랜지스터 구조 및 제조에 관한 것으로, 연구 아이디어인 β-Ga₂O₃의 이온 임플란테이션에 대한 변형 및 상전이 연구와 기술적 관련성이 낮습니다.",False,"후보 문헌은 스케일가능한 로직/비휘발성 메모리 트랜지스터 구조에 관한 것으로, β-Ga2O3의 이온 주입에 의한 이방성 변형/응력 및 상전이 연구와 기술적으로 무관하다."
2603.06398v1,implant,us_US20130075686A1,8,7.7298,False,"The research idea focuses on the anisotropic response of β-Ga2O3 to ion implantation and defect formation, while the candidate document describes a variable resistance memory device using amorphous silicon and polysilicon films, addressing different materials and technical problems.",False,"후보 문헌은 이온 소스 기반 저항변화 메모리 소자 구조에 관한 것으로, β-Ga2O3의 이온 주입에 의한 결함 형성 및 비등방성 변형/상전이 연구와 기술 문제나 수단이 겹치지 않는다."
2603.06398v1,implant,kr_KR1020010108658A,9,7.433,False,"후보 문헌은 MML 소자 구조 및 제조 방법에 관한 것으로, 연구 아이디어인 β-Ga₂O₃의 이온 주입에 대한 비등방성 응답과는 기술적 내용이 상이하다.",False,"후보 문헌은 MML 반도체 소자의 게이트 및 콘택 구조 제조 공정에 관한 것으로, β-Ga2O3 이온주입에 따른 결함/응력 및 상전이 분석이라는 연구 아이디어와 기술적 문제나 수단이 전혀 겹치지 않는다."
2603.06398v1,implant,kr_KR1020060011478A,10,7.433,False,"후보 문헌은 비휘발성 메모리 소자 구조 및 제조 방법에 관한 것으로, 연구 아이디어인 β-Ga₂O₃의 이온 임플란테이션에 대한 변형 응력 및 상전이 연구와 기술적 내용이 다르다.",False,"후보 문헌은 SONOS 구조의 비휘발성 메모리 소자 제조에 관한 것으로, β-Ga2O3 이온주입에 의한 결함 형성 및 이방성 변형 응력 연구와는 기술 문제나 수단이 전혀 다르다."
1004.0568v1,implant,kr_KR1020170046093A,1,11.6552,False,"후보 문헌은 게이트 구조 및 도핑된 산화물 스페이서에 관한 것으로, 연구 아이디어의 망간 도핑된 저먼늄의 자기 수송 현상 및 캐리어 매개 자성 연구와 기술적 관련성이 낮습니다.",False,"후보 문헌은 게이트 스택 구조 및 형성 방법에 관한 것으로, Mn 도핑 Ge의 캐리어 매개 강자성 및 자기수송 히스테리시스라는 연구 아이디어의 기술 문제나 수단과 무관하다."
1004.0568v1,implant,kr_KR1020200133594A,2,10.3502,False,"후보 문헌은 쇼트키 다이오드 제조 기술에 관한 것으로, 연구 아이디어인 게르마늄 기반 강자성 반도체의 자기 수송 현상 및 캐리어 매개 자성 연구와 기술적 연관성이 없습니다.",False,"산화갈륨 기반 쇼트키 다이오드 제조 기술로, Mn 도핑 Ge 자성반도체의 캐리어 매개 강자성 및 magneto-transport 히스테리시스와는 기술 문제와 수단이 전혀 다르다."
1004.0568v1,implant,kr_1020230142437,3,10.2439,False,"후보 문헌은 산화 갈륨-탄화 규소 포토디텍터 제조 방법에 관한 것으로, 연구 아이디어의 게르마늄 기반 자성 반도체 연구와 기술적인 관련성이 없습니다.",False,"후보 문헌은 산화갈륨-탄화규소 포토디텍터 제조 공정에 관한 것으로, Ge:Mn 강자성 반도체의 캐리어 매개 강자성 및 자기수송 현상과 기술적으로 무관하다."
1004.0568v1,implant,kr_1020090089522,4,8.7614,False,"후보 문헌은 불휘발성 메모리 소자 제조 방법에 관한 것으로, 연구 아이디어에서 다루는 망간 도핑된 저먼늄의 자기 수송 현상 및 캐리어 매개 자성과는 기술적 내용이 상이하다.",False,"후보 문헌은 불휘발성 메모리 소자의 구조 및 제조 공정에 관한 것으로, Mn 도핑 Ge의 캐리어 매개 강자성 및 자기전송 히스테리시스라는 연구 아이디어의 기술 문제나 수단과 무관하다."
1004.0568v1,implant,kr_1020100078538,5,8.7614,False,"후보 문헌은 터널 절연층 및 비휘발성 메모리 소자 제조 방법에 관한 것으로, 연구 아이디어의 게르마늄에 망간 이온을 주입하여 강자성 특성을 구현하는 기술과는 다른 기술 문제를 다룬다.",False,"후보 문헌은 비휘발성 메모리의 터널 절연층 제조 공정에 관한 것으로, Mn 도핑 Ge 강자성 반도체의 캐리어 매개 강자성 및 磁전달 히스테리시스와는 기술 문제와 수단이 전혀 다르다."
1004.0568v1,implant,kr_KR1020080010623A,6,8.7614,False,"후보 문헌은 비휘발성 메모리 소자 제조 기술에 관한 것으로, 연구 아이디어의 게르마늄 기반 강자성 반도체 연구와 기술적 문제 또는 수단이 상이하다.",False,"후보 문헌은 전하 트랩층 기반 비휘발성 메모리 소자에 관한 것으로, Mn 도핑 Ge의 강자성 및 캐리어 매개 자성 전기수송 현상과 기술적 문제나 수단이 겹치지 않는다."
1004.0568v1,implant,kr_1020100068373,7,8.6738,False,"후보 문헌은 반도체 소자 제조 방법에 대한 일반적인 내용으로, 연구 아이디어에서 다루는 게르마늄-망간 합금의 자기수송 특성 및 캐리어 매개 자성 현상과는 기술적 관련성이 낮다.",False,"후보 문헌은 실리사이드 형성을 위한 RTA 공정을 다루는 일반 반도체 소자 제조법으로, Ge:Mn 강자성 반도체의 캐리어 매개 강자성 및 자기수송 히스테리시스와는 기술 문제나 수단이 무관하다."
1004.0568v1,implant,kr_1020090005381,8,8.1918,False,"후보 문헌은 메모리 소자 제조 방법에 관한 것으로, 연구 아이디어에서 다루는 게르마늄에 망간을 도핑하여 강자성을 구현하는 반도체 물질 자체의 특성 및 현상과는 기술적 관련성이 낮습니다.",False,"후보 문헌은 전이금속 실리사이드 나노결정을 이용한 메모리 소자 제조 공정에 관한 것으로, Mn 도핑 Ge의 캐리어 매개 강자성 및 마그네토전달 히스테리시스라는 연구 주제와 기술 문제나 수단이 겹치지 않는다."
1004.0568v1,implant,us_US20080188011A1,9,8.1587,False,"후보 문헌은 박막 물질 제조 시 절단 과정의 온도 제어 장치 및 방법에 관한 것으로, 연구 아이디어에서 다루는 게르마늄에 망간 이온을 주입하여 강자성 반도체를 제조하고 운송 특성에서 히스테리시스를 관찰하는 내용과는 기술적 관련성이 낮습니다.",False,"후보 문헌은 벌크 재료 절단 공정 중 온도 제어 장치에 관한 것으로, Mn 도핑 Ge의 강자성 및 캐리어 매개 자기전달 현상을 다루는 연구 아이디어와 기술 문제나 수단이 겹치지 않는다."
1004.0568v1,implant,us_US20040048157A1,10,8.1245,False,"후보 문헌은 리튬-바나듐 산화물 박막 배터리에 관한 것으로, 연구 아이디어에서 다루는 게르마늄에 도핑된 망간의 자기수송 현상 및 캐리어 매개 자성과는 기술적 관련성이 없습니다.",False,"후보 문헌은 리튬 바나듐 산화물 박막 배터리에 관한 것으로, Ge:Mn 강자성 반도체의 캐리어 매개 강자성 및 자기전달 특성과 기술적으로 무관하다."
